run_id,run_path,window_size,n_clusters,clustering_method,loss_function,patience_metric,lstm_units,n,mae,mae_rank,mse,mse_rank,r2,r2_rank,gt_0mm_threshold_mm,gt_0mm_n,gt_0mm_mae,gt_0mm_mae_rank,gt_0mm_mse,gt_0mm_mse_rank,gt_0mm_r2,gt_0mm_r2_rank,gt_10mm_threshold_mm,gt_10mm_n,gt_10mm_mae,gt_10mm_mae_rank,gt_10mm_mse,gt_10mm_mse_rank,gt_10mm_r2,gt_10mm_r2_rank,gt_20mm_threshold_mm,gt_20mm_n,gt_20mm_mae,gt_20mm_mae_rank,gt_20mm_mse,gt_20mm_mse_rank,gt_20mm_r2,gt_20mm_r2_rank,gt_30mm_threshold_mm,gt_30mm_n,gt_30mm_mae,gt_30mm_mae_rank,gt_30mm_mse,gt_30mm_mse_rank,gt_30mm_r2,gt_30mm_r2_rank,gt_q95_threshold_mm,gt_q95_n,gt_q95_mae,gt_q95_mae_rank,gt_q95_mse,gt_q95_mse_rank,gt_q95_r2,gt_q95_r2_rank,gt_q99_threshold_mm,gt_q99_n,gt_q99_mae,gt_q99_mae_rank,gt_q99_mse,gt_q99_mse_rank,gt_q99_r2,gt_q99_r2_rank,updated_at
requested_mae_2026_08_25_12h5808/RS_A801_w30_k07_kmeans,outputs/pytorch/25_08_26/requested_mae_2026_08_25_12h5808/RS_A801_w30_k07_kmeans,30,7,kmeans,MAE,MAE,1024,2791,4.188790119604639,1,145.26358367582006,63,-0.1362845965123591,57,0.0,1100,10.619335642544744,100,368.5633079645442,102,-0.4401295779331517,102,10.0,351,27.57559159804458,102,1121.5024622260817,102,-2.104805555180415,102,20.0,199,37.82927181216591,102,1819.779645373364,102,-3.67759413220187,108,30.0,104,49.9603686286985,98,2924.1564055643325,96,-5.82349296421447,96,25.700000000000003,140,44.22031390914361,96,2369.054393824636,96,-4.722360632169323,96,56.61999999999998,28,77.11779066143374,102,6377.525708935136,102,-13.819675710434796,102,2026-08-25T16:34:34-03:00
requested_mae_2026_08_25_12h5808/RS_A801_w30_k05_kmeans,outputs/pytorch/25_08_26/requested_mae_2026_08_25_12h5808/RS_A801_w30_k05_kmeans,30,5,kmeans,MAE,MAE,1024,2791,4.189084685602194,2,145.3768056947396,68,-0.1371702447445504,69,0.0,1100,10.62732802967761,105,368.8605931164685,113,-0.441291194217559,108,10.0,351,27.5891938309948,107,1122.3789449389203,107,-2.107232039729045,113,20.0,199,37.83860113310778,107,1820.8107735978376,107,-3.680244562623273,113,30.0,104,49.97347637960472,111,2925.9032306456293,111,-5.827569165004982,111,25.700000000000003,140,44.23133420956371,105,2370.4202947133244,105,-4.725659913727928,105,56.61999999999998,28,77.14873066116873,111,6382.283751285264,111,-13.830732136996373,111,2026-08-25T16:28:21-03:00
requested_mae_2026_08_25_12h5808/RS_A801_w30_k09_kmeans,outputs/pytorch/25_08_26/requested_mae_2026_08_25_12h5808/RS_A801_w30_k09_kmeans,30,9,kmeans,MAE,MAE,1024,2791,4.189160784631041,3,145.37068134867954,66,-0.1371223387249158,66,0.0,1100,10.626341948962526,103,368.845047763025,111,-0.4412304520796151,105,10.0,351,27.58855372834841,105,1122.3443374075755,105,-2.1071362310623774,111,20.0,199,37.83800859817055,105,1820.7648039253688,105,-3.68012640135537,111,30.0,104,49.97312498330301,109,2925.856584410612,109,-5.827460316430451,109,25.700000000000003,140,44.230567581895656,101,2370.35871348292,102,-4.725511166612004,102,56.61999999999998,28,77.14866652461994,110,6382.222380184765,110,-13.830589526860578,110,2026-08-25T16:41:41-03:00
requested_mae_2026_08_25_12h5808/RS_A801_w30_k01_kmeans,outputs/pytorch/25_08_26/requested_mae_2026_08_25_12h5808/RS_A801_w30_k01_kmeans,30,1,kmeans,MAE,MAE,1024,2791,4.189273884655236,4,145.3744524332027,67,-0.1371518370007218,68,0.0,1100,10.62693507596245,104,368.8546289536338,112,-0.4412678897617974,106,10.0,351,27.588949839747908,106,1122.3647981370348,106,-2.107192875241616,112,20.0,199,37.838532559372645,106,1820.796585117971,106,-3.680208092300979,112,30.0,104,49.97337241176395,110,2925.87893123704,110,-5.827512462551163,110,25.700000000000003,140,44.23118552106915,104,2370.3978333924097,104,-4.725605659262988,104,56.61999999999998,28,77.1483181504067,109,6382.203917781203,109,-13.830546625138796,109,2026-08-25T16:15:51-03:00
requested_mae_2026_08_25_12h5808/RS_A801_w30_k12_kmeans,outputs/pytorch/25_08_26/requested_mae_2026_08_25_12h5808/RS_A801_w30_k12_kmeans,30,12,kmeans,MAE,MAE,1024,2791,4.1896884900532445,5,145.34417355308062,64,-0.1369149887541636,60,0.0,1100,10.623271586240056,101,368.7770985311506,107,-0.4409649462723213,103,10.0,351,27.585766878099463,103,1122.1714173537132,103,-2.1066575133048,109,20.0,199,37.83502629540367,103,1820.5175819885203,103,-3.679490937669371,109,30.0,104,49.96994978997917,101,2925.505829579296,101,-5.826641833151276,101,25.700000000000003,140,44.22742247101909,98,2370.0555535737967,98,-4.724778895401288,98,56.61999999999998,28,77.14481605222848,106,6381.513621623969,106,-13.828942560230043,106,2026-08-25T16:50:23-03:00
requested_mae_2026_08_25_12h5808/RS_A801_w30_k03_kmeans,outputs/pytorch/25_08_26/requested_mae_2026_08_25_12h5808/RS_A801_w30_k03_kmeans,30,3,kmeans,MAE,MAE,1024,2791,4.18979243078257,6,145.3493647035868,65,-0.1369555951071743,61,0.0,1100,10.623913228564811,102,368.7909207346417,108,-0.441018955349322,104,10.0,351,27.585799279747302,104,1122.1998304665383,104,-2.1067361731325853,110,20.0,199,37.83550186335231,104,1820.577558002508,104,-3.6796451010879,110,30.0,104,49.97061167982308,102,2925.6090785949064,102,-5.826882763810881,102,25.700000000000003,140,44.22813163445032,99,2370.143066934256,99,-4.724990280589398,99,56.61999999999998,28,77.14561160783715,107,6381.794203761384,107,-13.829594558587464,107,2026-08-25T16:20:49-03:00
requested_mae_2026_08_25_12h5808/RS_A801_w15_k01_kmeans,outputs/pytorch/25_08_26/requested_mae_2026_08_25_12h5808/RS_A801_w15_k01_kmeans,15,1,kmeans,MAE,MAE,1024,2806,4.1898927849586,7,145.00345672217745,62,-0.1377377492153333,74,0.0,1108,10.610763961191386,95,367.21994544670736,101,-0.4421615266156167,113,10.0,354,27.507560754925706,101,1115.8566597220297,101,-2.106585081707822,108,20.0,200,37.77193363628164,101,1814.7411866236644,101,-3.676900218062938,107,30.0,104,49.974933636281634,113,2926.03644387383,113,-5.827880016888158,113,25.6,140,44.23279077913878,107,2370.539271947799,107,-4.725947298705013,107,56.58999999999997,29,76.44131294662647,89,6272.836750687792,89,-13.602852520687016,89,2026-08-25T15:43:10-03:00
requested_mae_2026_08_25_12h5808/RS_A801_w15_k03_kmeans,outputs/pytorch/25_08_26/requested_mae_2026_08_25_12h5808/RS_A801_w15_k03_kmeans,15,3,kmeans,MAE,MAE,1024,2806,4.1899061735274685,8,145.00149795803216,61,-0.1377223802030334,73,0.0,1108,10.610541066142398,94,367.2149843625389,100,-0.4421420432384018,112,10.0,354,27.507324840591448,100,1115.843594222998,100,-2.106548706888509,107,20.0,200,37.77169245499,100,1814.72306636293,100,-3.6768535190338953,106,30.0,104,49.97471118641014,112,2926.013159178991,112,-5.827825682259849,112,25.6,140,44.23256709005152,106,2370.5187794771978,106,-4.725897799922997,106,56.58999999999997,29,76.44108979806047,88,6272.800505028409,88,-13.602768142591504,88,2026-08-25T15:47:32-03:00
requested_mae_2026_08_25_12h5808/RS_A801_w15_k05_kmeans,outputs/pytorch/25_08_26/requested_mae_2026_08_25_12h5808/RS_A801_w15_k05_kmeans,15,5,kmeans,MAE,MAE,1024,2806,4.190016329012607,9,144.98755048858382,60,-0.1376129444498719,72,0.0,1108,10.609200527183086,92,367.1796111671076,99,-0.4420031241460236,111,10.0,354,27.50631938186211,99,1115.7511624974154,99,-2.106291373639413,106,20.0,200,37.77029940815227,99,1814.5708438029767,99,-3.676461215310869,105,30.0,104,49.97284994475108,107,2925.7590026179387,105,-5.827232610185165,105,25.6,140,44.23091555013589,103,2370.316121661488,101,-4.725408287689996,101,56.58999999999997,29,76.43804346148772,86,6272.201076969278,86,-13.601372703830355,86,2026-08-25T15:54:03-03:00
requested_mae_2026_08_25_12h5808/RS_A801_w15_k09_kmeans,outputs/pytorch/25_08_26/requested_mae_2026_08_25_12h5808/RS_A801_w15_k09_kmeans,15,9,kmeans,MAE,MAE,1024,2806,4.190291243704356,10,144.91443359801073,57,-0.1370392488401897,64,0.0,1108,10.60384578959771,87,366.9933840468227,96,-0.4412717652113651,107,10.0,354,27.49851025371512,96,1115.2220497200055,96,-2.1048183046331737,103,20.0,200,37.76123988947645,96,1813.7726560934689,96,-3.674404148275544,98,30.0,104,49.96508421235395,99,2924.677338639953,99,-5.824708556913123,99,25.6,140,44.22334649911683,97,2369.4162975643435,97,-4.723234796864798,97,56.58999999999997,29,76.42325499795763,84,6269.323725358432,84,-13.594674372135572,84,2026-08-25T16:05:49-03:00
requested_mae_2026_08_25_12h5808/RS_A801_w15_k07_kmeans,outputs/pytorch/25_08_26/requested_mae_2026_08_25_12h5808/RS_A801_w15_k07_kmeans,15,7,kmeans,MAE,MAE,1024,2806,4.1903503460990255,11,144.9829113921361,59,-0.1375765447993384,71,0.0,1108,10.608119580875954,91,367.1675206896815,98,-0.4419556419174615,110,10.0,354,27.50503741715433,98,1115.721572151501,98,-2.1062089930519257,105,20.0,200,37.76864872046036,97,1814.53451948628,98,-3.6763676012980655,104,30.0,104,49.972962706258336,108,2925.8377843154285,108,-5.827416446575554,108,25.6,140,44.23076357269868,102,2370.3611844097422,103,-4.725517135041607,103,56.58999999999997,29,76.43934245487809,87,6272.567785817845,87,-13.602226383823394,87,2026-08-25T15:59:10-03:00
requested_mae_2026_08_25_12h5808/RS_A801_w15_k12_kmeans,outputs/pytorch/25_08_26/requested_mae_2026_08_25_12h5808/RS_A801_w15_k12_kmeans,15,12,kmeans,MAE,MAE,1024,2806,4.190733793634904,12,144.97124493629843,58,-0.1374850065180719,70,0.0,1108,10.606400869016692,90,367.13808862665576,97,-0.4418400550887202,109,10.0,354,27.503944629845893,97,1115.650756080766,97,-2.1060118385635107,104,20.0,200,37.76874713186519,98,1814.468407928648,97,-3.6761972204412334,102,30.0,104,49.97150431804856,104,2925.6407190743125,103,-5.826956596588157,103,25.6,140,44.22955562306749,100,2370.209055116978,100,-4.725149672530749,100,56.58999999999997,29,76.43629526042075,85,6272.004337672091,85,-13.600914704514253,85,2026-08-25T16:10:59-03:00
requested_mae_2026_08_25_12h5808/RS_A801_w45_k05_kmeans,outputs/pytorch/25_08_26/requested_mae_2026_08_25_12h5808/RS_A801_w45_k05_kmeans,45,5,kmeans,MAE,MAE,1024,2776,4.193062863967087,13,145.64980135081376,70,-0.1363783459292822,59,0.0,1097,10.604024881177898,88,368.5671738662805,103,-0.4386388143933,96,10.0,349,27.60333825826728,109,1124.8955328644945,109,-2.098263714251196,97,20.0,198,37.87727642045982,109,1825.0854736347185,109,-3.673774629247138,97,30.0,104,49.960283455376,97,2924.411885465689,98,-5.824089124291984,98,25.65,139,44.337180778659,109,2380.669187953672,109,-4.736259173618398,109,56.65,28,77.1357081214177,105,6379.977474745147,105,-13.825372962924332,105,2026-08-25T17:19:53-03:00
requested_mae_2026_08_25_12h5808/RS_A801_w45_k03_kmeans,outputs/pytorch/25_08_26/requested_mae_2026_08_25_12h5808/RS_A801_w45_k03_kmeans,45,3,kmeans,MAE,MAE,1024,2776,4.194836634609042,14,145.74116109868586,73,-0.1370911463465061,65,0.0,1097,10.611648156783229,96,368.80328693843774,109,-0.4395604413158165,100,10.0,349,27.61173951850649,112,1125.4883551800456,112,-2.0998965057554826,100,20.0,198,37.88769178248923,112,1825.9978480887123,112,-3.676111085614279,101,30.0,104,49.97170454345295,105,2925.762339034555,106,-5.827240395683665,106,25.65,139,44.34807792349024,112,2381.801074997197,112,-4.738986472929775,112,56.65,28,77.14893163901704,112,6382.315477937572,112,-13.830805861308912,112,2026-08-25T17:08:14-03:00
requested_mae_2026_08_25_12h5808/RS_A801_w45_k09_kmeans,outputs/pytorch/25_08_26/requested_mae_2026_08_25_12h5808/RS_A801_w45_k09_kmeans,45,9,kmeans,MAE,MAE,1024,2776,4.194948364168204,15,145.74619552264093,74,-0.1371304255649719,67,0.0,1097,10.612559353040872,98,368.8161541789465,110,-0.439610666384522,101,10.0,349,27.611986769906,113,1125.5117679727568,113,-2.099960990860088,101,20.0,198,37.888609539412165,113,1826.0545442052023,113,-3.6762562760038,103,30.0,104,49.97220649939487,106,2925.812122682276,107,-5.827356565382833,107,25.65,139,44.34871882282786,113,2381.851749306482,113,-4.739108573460571,113,56.65,28,77.14928334816025,113,6382.356001414263,113,-13.830900027104647,113,2026-08-25T17:48:38-03:00
requested_mae_2026_08_25_12h5808/RS_A801_w45_k01_kmeans,outputs/pytorch/25_08_26/requested_mae_2026_08_25_12h5808/RS_A801_w45_k01_kmeans,45,1,kmeans,MAE,MAE,1024,2776,4.195099174225429,16,145.72768751667152,72,-0.1369860237393949,63,0.0,1097,10.6105377316759,93,368.7692132854775,106,-0.4394274406495266,99,10.0,349,27.60973373236936,110,1125.3846915425315,111,-2.0996109883210066,99,20.0,198,37.88591346836306,110,1825.8679870968804,111,-3.675778530773576,100,30.0,104,49.97148628767206,103,2925.6741205413764,104,-5.82703453861447,104,25.65,139,44.34645285538117,111,2381.656861735664,111,-4.738638988848989,111,56.65,28,77.14649148824184,108,6381.883888430447,108,-13.82980296193578,108,2026-08-25T16:59:23-03:00
requested_mae_2026_08_25_12h5808/RS_A801_w45_k12_kmeans,outputs/pytorch/25_08_26/requested_mae_2026_08_25_12h5808/RS_A801_w45_k12_kmeans,45,12,kmeans,MAE,MAE,1024,2776,4.195172107724208,17,145.64955268759655,69,-0.1363764058271135,58,0.0,1097,10.605111653715714,89,368.5699864087521,104,-0.4386497926709483,97,10.0,349,27.601067246328824,108,1124.7970721551776,108,-2.097992527075105,96,20.0,198,37.87417540604982,108,1824.941218664244,108,-3.673405213550785,96,30.0,104,49.95670934005667,96,2924.257401110061,97,-5.823728636422149,97,25.65,139,44.33517260045088,108,2380.5794882259875,108,-4.736043040739288,108,56.65,28,77.12268791986529,103,6378.926408116446,103,-13.822930563269932,103,2026-08-25T18:02:56-03:00
requested_mae_2026_08_25_12h5808/RS_A801_w45_k07_kmeans,outputs/pytorch/25_08_26/requested_mae_2026_08_25_12h5808/RS_A801_w45_k07_kmeans,45,7,kmeans,MAE,MAE,1024,2776,4.195365051345178,18,145.72425561850548,71,-0.1369592476317369,62,0.0,1097,10.612164465812782,97,368.7600120132056,105,-0.4393915250597215,98,10.0,349,27.6114502879118,111,1125.330392657198,110,-2.099461434641364,98,20.0,198,37.88632575700778,111,1825.7006783197048,110,-3.675350077679564,99,30.0,104,49.96725082980466,100,2925.109170632381,100,-5.8257162330266326,100,25.65,139,44.3451462096284,110,2381.333222736091,110,-4.737859175681485,110,56.65,28,77.13095574588296,104,6379.93885188714,104,-13.82528321366156,104,2026-08-25T17:30:44-03:00
requested_huber_2026_08_25_12h5808/RS_A801_w15_k12_kmeans,outputs/pytorch/25_08_26/requested_huber_2026_08_25_12h5808/RS_A801_w15_k12_kmeans,15,12,kmeans,HUB,MAE,1024,2806,4.293988710722581,19,141.79292354844526,40,-0.1125470063914446,49,0.0,1108,10.288471852326328,61,358.85212106908523,82,-0.4092990567838024,92,10.0,354,27.11119206518272,82,1093.7633594750616,80,-2.045076539051438,89,20.0,200,37.36669290167093,81,1783.896086516152,80,-3.597407088969752,85,30.0,104,49.55780212145585,86,2884.4141784235744,87,-5.730754830658703,87,25.6,140,43.81958238699607,82,2333.949818155621,82,-4.637566867053161,82,56.58999999999997,29,76.03236547019975,82,6207.098581225638,79,-13.449817325959444,79,2026-08-25T18:40:44-03:00
requested_huber_2026_08_25_12h5808/RS_A801_w30_k12_kmeans,outputs/pytorch/25_08_26/requested_huber_2026_08_25_12h5808/RS_A801_w30_k12_kmeans,30,12,kmeans,HUB,MAE,1024,2791,4.296438474294876,20,142.24876995257765,47,-0.1127020419010158,50,0.0,1100,10.30966871528463,68,360.6770352443895,93,-0.4093146423209648,93,10.0,351,27.19092016406888,90,1100.785234225061,88,-2.047451276654951,94,20.0,199,37.43828567037331,88,1791.099764530486,88,-3.60387485378046,94,30.0,104,49.579796569364575,93,2887.1121713131984,93,-5.737050573070024,93,25.700000000000003,140,43.83643256611058,87,2336.000346530944,88,-4.642519840222827,88,56.61999999999998,28,76.78128690155488,100,6324.95864429802,100,-13.69752381540126,100,2026-08-25T19:13:55-03:00
requested_huber_2026_08_25_12h5808/RS_A801_w15_k09_kmeans,outputs/pytorch/25_08_26/requested_huber_2026_08_25_12h5808/RS_A801_w15_k09_kmeans,15,9,kmeans,HUB,MAE,1024,2806,4.299435657284044,21,141.79217524380496,39,-0.1125411349835734,48,0.0,1108,10.286598456180268,59,358.84379261814274,81,-0.4092663489429717,91,10.0,354,27.104872774640043,80,1093.7913536696692,81,-2.0451544758962688,90,20.0,200,37.3646339623332,80,1784.1945054834257,82,-3.59817616598382,88,30.0,104,49.56613093207662,90,2885.53202076272,91,-5.733363305814732,91,25.6,140,43.82431140397277,84,2334.700602524055,85,-4.639380358091768,85,56.58999999999997,29,76.0207081258297,81,6209.543762411679,82,-13.455509586361757,82,2026-08-25T18:34:28-03:00
requested_huber_2026_08_25_12h5808/RS_A801_w15_k05_kmeans,outputs/pytorch/25_08_26/requested_huber_2026_08_25_12h5808/RS_A801_w15_k05_kmeans,15,5,kmeans,HUB,MAE,1024,2806,4.2999116489750016,22,141.78526788090235,38,-0.112486937878901,47,0.0,1108,10.281177270700248,57,358.817855128446,80,-0.4091644861487487,90,10.0,354,27.107867786263004,81,1093.7970327820146,82,-2.045170286749335,91,20.0,200,37.368123449429866,82,1784.1797676032902,81,-3.5981381839314333,87,30.0,104,49.56870135945769,91,2885.262082816137,90,-5.732733408017277,90,25.6,140,43.82994462117553,86,2334.7015178111765,86,-4.639382568932939,86,56.58999999999997,29,76.01151294091653,79,6208.07740629067,80,-13.452095982113962,80,2026-08-25T18:25:52-03:00
requested_huber_2026_08_25_12h5808/RS_A801_w30_k07_kmeans,outputs/pytorch/25_08_26/requested_huber_2026_08_25_12h5808/RS_A801_w30_k07_kmeans,30,7,kmeans,HUB,MAE,1024,2791,4.2999353157068745,23,142.44278547633726,51,-0.1142196751959805,54,0.0,1100,10.320485207313842,69,361.167822768712,95,-0.4112323525622821,95,10.0,351,27.216591122619104,94,1102.2576550276744,90,-2.051527576477284,95,20.0,199,37.46849598153752,90,1793.3593619141204,89,-3.609682963289597,95,30.0,104,49.604951989708034,95,2889.949959942321,95,-5.743672527596089,95,25.700000000000003,140,43.85457441608821,89,2338.105407196768,89,-4.64760453406263,90,56.61999999999998,28,76.80781553568583,101,6330.367138101594,101,-13.710091718363778,101,2026-08-25T19:02:41-03:00
requested_huber_2026_08_25_12h5808/RS_A801_w15_k07_kmeans,outputs/pytorch/25_08_26/requested_huber_2026_08_25_12h5808/RS_A801_w15_k07_kmeans,15,7,kmeans,HUB,MAE,1024,2806,4.300898875655103,24,141.8376259001726,41,-0.1128977535680195,51,0.0,1108,10.283363327381304,58,358.95205661003337,83,-0.4096915278194417,94,10.0,354,27.11270886233634,83,1094.245869070463,83,-2.0464198631224955,93,20.0,200,37.37582710069418,83,1784.9500271681727,83,-3.6001232753337327,90,30.0,104,49.57741912763852,92,2886.505188319016,92,-5.735634183651755,92,25.6,140,43.837277893338886,88,2335.6530212684524,87,-4.64168088928366,87,56.58999999999997,29,76.0446782169671,83,6212.75345699497,83,-13.462981595996174,83,2026-08-25T18:29:56-03:00
requested_huber_2026_08_25_12h5808/RS_A801_w30_k09_kmeans,outputs/pytorch/25_08_26/requested_huber_2026_08_25_12h5808/RS_A801_w30_k09_kmeans,30,9,kmeans,HUB,MAE,1024,2791,4.301842984513373,25,142.15338799349888,46,-0.1119559426506475,46,0.0,1100,10.30286971034787,67,360.4244633234452,92,-0.4083277391592907,89,10.0,351,27.185749334241248,87,1100.144725922407,87,-2.045678071688221,92,20.0,199,37.43617657409541,87,1790.2453040831804,87,-3.601678533371735,93,30.0,104,49.562298939004535,88,2884.8531240614225,88,-5.731779106400531,88,25.700000000000003,140,43.82736604090248,85,2334.524034648153,84,-4.638953865114402,84,56.61999999999998,28,76.7107957866575,91,6316.100477010316,92,-13.676939787584857,92,2026-08-25T19:08:22-03:00
requested_huber_2026_08_25_12h5808/RS_A801_w45_k09_kmeans,outputs/pytorch/25_08_26/requested_huber_2026_08_25_12h5808/RS_A801_w45_k09_kmeans,45,9,kmeans,HUB,MAE,1024,2776,4.302675490965933,26,142.64931363198477,54,-0.1129681576607009,52,0.0,1097,10.290726290451689,62,360.730540619272,94,-0.4080498592103245,88,10.0,349,27.22960072209296,95,1104.354941734554,95,-2.041689422409973,84,20.0,198,37.49754110457319,95,1796.6487070909309,95,-3.6009522656207977,92,30.0,104,49.5893357100395,94,2887.445294744842,94,-5.737827913634884,94,25.65,139,43.96148988831815,95,2347.606131517134,95,-4.6565932285338665,95,56.65,28,76.76574673865522,99,6323.201738043307,99,-13.69344123194542,99,2026-08-25T20:06:24-03:00
requested_huber_2026_08_25_12h5808/RS_A801_w30_k03_kmeans,outputs/pytorch/25_08_26/requested_huber_2026_08_25_12h5808/RS_A801_w30_k03_kmeans,30,3,kmeans,HUB,MAE,1024,2791,4.303766255791322,27,142.10111093648004,45,-0.1115470196904782,43,0.0,1100,10.292989281990312,64,360.29276230836456,90,-0.4078131287160838,87,10.0,351,27.178866336624164,86,1099.868534057273,86,-2.044913452736372,88,20.0,199,37.428464754202864,86,1789.870903908304,86,-3.6007161684691766,91,30.0,104,49.563855295800245,89,2884.953700847082,89,-5.732013801435312,89,25.700000000000003,140,43.82297525516579,83,2334.292138064048,83,-4.638393727750279,83,56.61999999999998,28,76.73353873768022,95,6318.3062427117175,95,-13.682065401166025,95,2026-08-25T18:51:53-03:00
requested_huber_2026_08_25_12h5808/RS_A801_w45_k07_kmeans,outputs/pytorch/25_08_26/requested_huber_2026_08_25_12h5808/RS_A801_w45_k07_kmeans,45,7,kmeans,HUB,MAE,1024,2776,4.304693181245917,28,142.47822187967452,52,-0.1116332779650934,44,0.0,1097,10.281016141735863,56,360.2897504146815,89,-0.4063293101698984,81,10.0,349,27.2075554572238,92,1102.9994698519774,93,-2.0379560896454803,81,20.0,198,37.47975530118653,94,1794.843107403674,94,-3.596328391215578,84,30.0,104,49.56095323347701,87,2884.2492004651526,85,-5.73036985606008,85,25.65,139,43.936139177740046,94,2345.014926766557,94,-4.6503496806707565,94,56.65,28,76.69222999832459,90,6312.976666375876,90,-13.669680881435978,90,2026-08-25T19:55:24-03:00
requested_huber_2026_08_25_12h5808/RS_A801_w45_k05_kmeans,outputs/pytorch/25_08_26/requested_huber_2026_08_25_12h5808/RS_A801_w45_k05_kmeans,45,5,kmeans,HUB,MAE,1024,2776,4.305924737168965,29,142.37046289582082,49,-0.1107925286149742,39,0.0,1097,10.27281724911662,53,360.0081151522956,85,-0.4052299951774103,79,10.0,349,27.18814037112589,89,1102.3697196100052,91,-2.0362215887369604,79,20.0,198,37.46927131814788,92,1794.4862680691358,92,-3.595414578327045,82,30.0,104,49.54524281557936,81,2883.819381101084,82,-5.729366876396947,82,25.65,139,43.92378638193761,91,2344.635294735197,91,-4.649434951428447,91,56.65,28,76.74774205407925,97,6320.761307320381,97,-13.68777031918738,97,2026-08-25T19:45:55-03:00
requested_huber_2026_08_25_12h5808/RS_A801_w30_k05_kmeans,outputs/pytorch/25_08_26/requested_huber_2026_08_25_12h5808/RS_A801_w30_k05_kmeans,30,5,kmeans,HUB,MAE,1024,2791,4.307038674058559,30,142.058873265776,44,-0.111216627080031,41,0.0,1100,10.291464743001894,63,360.1728347049663,88,-0.4073445218712561,85,10.0,351,27.172376635373485,85,1099.5564680343264,85,-2.044049518546067,87,20.0,199,37.41961611491352,85,1789.4033477014164,85,-3.59951435363661,89,30.0,104,49.552840471783504,84,2884.3900992002286,86,-5.730698642005192,86,25.700000000000003,140,43.81078557716949,81,2333.658363638287,81,-4.63686286977036,81,56.61999999999998,28,76.73797503688505,96,6319.954186417622,96,-13.685894784601723,96,2026-08-25T18:57:28-03:00
requested_huber_2026_08_25_12h5808/RS_A801_w30_k01_kmeans,outputs/pytorch/25_08_26/requested_huber_2026_08_25_12h5808/RS_A801_w30_k01_kmeans,30,1,kmeans,HUB,MAE,1024,2791,4.307733127546327,31,142.00047582564946,43,-0.1107598290993365,38,0.0,1100,10.287208913916892,60,360.0228666464612,86,-0.4067585345194735,83,10.0,351,27.16618448339636,84,1099.1419308279794,84,-2.0429018996469166,86,20.0,199,37.41272346703851,84,1788.7929935875488,84,-3.597945488511181,86,30.0,104,49.54780590385198,82,2883.593945162546,81,-5.72884082363945,81,25.700000000000003,140,43.80516073750599,79,2332.961445296579,79,-4.635179490067124,79,56.61999999999998,28,76.71977013392107,93,6316.8057217926025,93,-13.678578589127484,93,2026-08-25T18:45:20-03:00
requested_huber_2026_08_25_12h5808/RS_A801_w45_k12_kmeans,outputs/pytorch/25_08_26/requested_huber_2026_08_25_12h5808/RS_A801_w45_k12_kmeans,45,12,kmeans,HUB,MAE,1024,2776,4.307940381240389,32,142.50650463310177,53,-0.1118539436183239,45,0.0,1097,10.294323554670363,65,360.3539619151321,91,-0.4065799487601713,82,10.0,349,27.208366943934244,93,1103.0326452632555,94,-2.0380474636175205,82,20.0,198,37.478375652643166,93,1794.8322701524482,93,-3.5963006386140908,83,30.0,104,49.54070406272434,79,2883.301883715804,80,-5.728159300851144,80,25.65,139,43.93380001875565,93,2345.0028118759674,93,-4.650320489654787,93,56.65,28,76.7577105041061,98,6321.791292123104,98,-13.690163730278083,98,2026-08-25T20:14:38-03:00
requested_huber_2026_08_25_12h5808/RS_A801_w15_k03_kmeans,outputs/pytorch/25_08_26/requested_huber_2026_08_25_12h5808/RS_A801_w15_k03_kmeans,15,3,kmeans,HUB,MAE,1024,2806,4.309512706150859,33,141.65202428040956,36,-0.1114414712565952,42,0.0,1108,10.270982911413542,51,358.4580580761464,79,-0.4077514761185201,86,10.0,354,27.087197115899475,79,1092.869060799987,79,-2.042586779369159,85,20.0,200,37.35117022049427,79,1783.0691529520243,79,-3.595275938922075,81,30.0,104,49.552697783422005,83,2883.981608017848,83,-5.729745431464329,83,25.6,140,43.81074467561075,80,2333.3554009237528,80,-4.63613107487566,80,56.58999999999997,29,76.01450190318043,80,6208.236118869534,81,-13.452465457117764,81,2026-08-25T18:21:23-03:00
requested_huber_2026_08_25_12h5808/RS_A801_w15_k01_kmeans,outputs/pytorch/25_08_26/requested_huber_2026_08_25_12h5808/RS_A801_w15_k01_kmeans,15,1,kmeans,HUB,MAE,1024,2806,4.310323964298323,34,141.56096195361147,35,-0.1107269707262521,37,0.0,1108,10.265287976741575,46,358.22412181476494,78,-0.4068327518497872,84,10.0,354,27.075750584858284,78,1092.1984660112655,78,-2.040719819353855,83,20.0,200,37.33734377083182,78,1782.0626893460012,78,-3.592682109072851,78,30.0,104,49.54065088033676,78,2882.710623617277,78,-5.726779600670046,78,25.6,140,43.79887924283743,78,2332.254708446266,78,-4.6334723941304174,78,56.58999999999997,29,76.00130966881227,78,6205.750121995186,78,-13.446678179819498,78,2026-08-25T18:15:56-03:00
requested_huber_2026_08_25_12h5808/RS_A801_w45_k03_kmeans,outputs/pytorch/25_08_26/requested_huber_2026_08_25_12h5808/RS_A801_w45_k03_kmeans,45,3,kmeans,HUB,MAE,1024,2776,4.3119368882447215,35,142.33267453911355,48,-0.1104976990313282,36,0.0,1097,10.270540821552276,48,359.90409875489024,84,-0.4048239849918831,78,10.0,349,27.18788293311453,88,1102.0705465266076,89,-2.035397585901594,78,20.0,198,37.45711647889229,89,1793.5333579177095,90,-3.592974316019319,79,30.0,104,49.54192858269581,80,2882.917236072307,79,-5.727261728996195,79,25.65,139,43.91663317556004,90,2343.734102911764,90,-4.647263515812562,89,56.65,28,76.71107064123665,92,6315.549592581157,91,-13.67565967850076,91,2026-08-25T19:36:07-03:00
requested_huber_2026_08_25_12h5808/RS_A801_w45_k01_kmeans,outputs/pytorch/25_08_26/requested_huber_2026_08_25_12h5808/RS_A801_w45_k01_kmeans,45,1,kmeans,HUB,MAE,1024,2776,4.314732072143802,36,142.40460575313878,50,-0.111058915546947,40,0.0,1097,10.272992057059176,54,360.08791935990723,87,-0.4055414972284954,80,10.0,349,27.19280022895097,91,1102.5212653024653,92,-2.036638986180796,80,20.0,198,37.4690961393443,91,1794.4281333598483,91,-3.595265703913616,80,30.0,104,49.553187048435205,85,2884.0607985802835,84,-5.729930221937432,84,25.65,139,43.929266185125854,92,2344.801631435077,92,-4.6498357422755845,92,56.65,28,76.7281870484352,94,6317.556473453945,94,-13.680323136569228,94,2026-08-25T19:26:37-03:00
requested_weighted_mse_2026_08_25_12h5808/RS_A801_w15_k07_kmeans,outputs/pytorch/25_08_26/requested_weighted_mse_2026_08_25_12h5808/RS_A801_w15_k07_kmeans,15,7,kmeans,WMSE(a=.01),MAE,1024,2806,5.155893602888668,37,135.7510080858559,27,-0.0651404448187344,28,0.0,1108,9.943286690750709,33,329.03193472568023,67,-0.2921879739185926,67,10.0,354,25.283923606111507,72,999.8201509869958,72,-1.7835352671738356,72,20.0,200,35.42951140683889,72,1647.758945856404,71,-3.246558258551887,72,30.0,104,47.57458445395415,69,2698.846713265489,71,-5.297734801195217,71,25.6,140,41.88023497104645,70,2172.204521762202,70,-4.246877265778952,70,56.58999999999997,29,73.98538095334482,54,5900.327238724022,53,-12.735668871253834,54,2026-08-25T21:25:11-03:00
requested_mse_2026_08_25_12h5808/RS_A801_w15_k03_kmeans,outputs/pytorch/25_08_26/requested_mse_2026_08_25_12h5808/RS_A801_w15_k03_kmeans,15,3,kmeans,MSE,MAE,1024,2806,5.170997071822711,38,130.94587086989517,10,-0.0274379918956115,13,0.0,1108,9.637352691983487,13,322.6454458573065,55,-0.2671066877566348,59,10.0,354,25.131231157860512,70,990.1837703037278,62,-1.7567072366992442,68,20.0,200,35.39281297248602,71,1638.6162844009616,64,-3.222996047218497,68,30.0,104,47.50826628414484,67,2685.962387065986,65,-5.267669340605059,65,25.6,140,41.78620946901185,66,2159.831514587183,63,-4.216990738333894,65,56.58999999999997,29,73.93908968629509,53,5900.480727167364,54,-12.73602618472951,55,2026-08-25T13:12:46-03:00
requested_mse_2026_08_25_12h5808/RS_A801_w45_k01_kmeans,outputs/pytorch/25_08_26/requested_mse_2026_08_25_12h5808/RS_A801_w45_k01_kmeans,45,1,kmeans,MSE,MAE,1024,2776,5.198563693725753,39,145.88536629517515,75,-0.138216253700866,75,0.0,1097,10.159344954488487,39,344.67289653807205,77,-0.3453715967904913,77,10.0,349,25.857790021397665,77,1039.6765473050662,77,-1.8635477935187788,77,20.0,198,36.0160900144866,77,1703.8764123717303,77,-3.363376106246675,77,30.0,104,47.91320371879981,76,2758.54094139118,77,-5.437030751591294,77,25.65,139,42.22093937800084,77,2229.8880465608563,77,-4.372949684883157,77,56.65,28,75.40955392846038,77,6140.635349313341,77,-13.26920543893048,77,2026-08-25T14:52:00-03:00
requested_mse_2026_08_25_12h5808/RS_A801_w15_k09_kmeans,outputs/pytorch/25_08_26/requested_mse_2026_08_25_12h5808/RS_A801_w15_k09_kmeans,15,9,kmeans,MSE,MAE,1024,2806,5.246626137289419,40,130.3841235966175,7,-0.0230303653963941,10,0.0,1108,9.612048431380993,9,319.0365107884238,47,-0.2529335270312138,49,10.0,354,24.91172270488604,58,977.6418179030568,55,-1.7217899900404126,59,20.0,200,35.08573598277569,56,1618.2206078716804,55,-3.1704328802443635,57,30.0,104,47.2959256661626,60,2662.2804792603806,56,-5.21240781937342,56,25.6,140,41.53871503710747,57,2137.9428623230297,55,-4.1641195327025935,56,56.58999999999997,29,73.65004070216213,50,5851.323660757647,48,-12.621590974686464,49,2026-08-25T13:28:39-03:00
requested_mse_2026_08_25_12h5808/RS_A801_w15_k12_kmeans,outputs/pytorch/25_08_26/requested_mse_2026_08_25_12h5808/RS_A801_w15_k12_kmeans,15,12,kmeans,MSE,MAE,1024,2806,5.2519392879792655,41,132.91728782913827,20,-0.0429062817190164,22,0.0,1108,9.712693010609502,21,324.33387672533854,60,-0.273737564070458,62,10.0,354,25.122622230160705,68,992.5927564337668,66,-1.763413940744444,69,20.0,200,35.3430809764266,65,1641.928400665779,66,-3.231531940598419,69,30.0,104,47.58262862001474,70,2698.302791213337,70,-5.296465563924298,70,25.6,140,41.84895007891315,69,2169.634169540027,67,-4.240668677911437,69,56.58999999999997,29,74.13638690792281,57,5935.952579664907,58,-12.818602896230953,59,2026-08-25T13:34:37-03:00
requested_mse_2026_08_25_12h5808/RS_A801_w45_k12_kmeans,outputs/pytorch/25_08_26/requested_mse_2026_08_25_12h5808/RS_A801_w45_k12_kmeans,45,12,kmeans,MSE,MAE,1024,2776,5.260399498127035,42,132.23405931372068,16,-0.0317070137054529,15,0.0,1097,9.66839417941807,17,322.9415803589208,56,-0.2605471274401014,53,10.0,349,25.05427601071005,64,992.5760561258408,65,-1.7338204201933656,63,20.0,198,35.14088790567234,59,1636.4530150256758,62,-3.1907147331296875,61,30.0,104,47.23233031504429,56,2673.456996173047,61,-5.238488122182424,61,25.65,139,41.68404797675798,60,2160.9766869509435,64,-4.206906699688452,62,56.65,28,74.63452551450048,68,6016.555578676481,71,-12.980877010793035,71,2026-08-25T15:39:31-03:00
requested_mse_2026_08_25_12h5808/RS_A801_w15_k01_kmeans,outputs/pytorch/25_08_26/requested_mse_2026_08_25_12h5808/RS_A801_w15_k01_kmeans,15,1,kmeans,MSE,MAE,1024,2806,5.2665424729659565,43,141.52465857999968,34,-0.1104421242852384,35,0.0,1108,9.982695995190516,34,335.19018892454113,74,-0.3163729273418407,74,10.0,354,25.492976942102786,74,1013.6337128714142,74,-1.821992720379404,74,20.0,200,35.742316940844056,74,1670.8776483849197,74,-3.3061391319535165,74,30.0,104,47.79181155871886,74,2725.916466745085,74,-5.360901830174775,74,25.6,140,41.93376164291586,72,2189.942566274087,74,-4.28972283651429,74,56.58999999999997,29,74.52187804065902,63,5959.803153888806,62,-12.87412584888664,62,2026-08-25T13:08:18-03:00
requested_weighted_mse_2026_08_25_12h5808/RS_A801_w30_k09_kmeans,outputs/pytorch/25_08_26/requested_weighted_mse_2026_08_25_12h5808/RS_A801_w30_k09_kmeans,30,9,kmeans,WMSE(a=.01),MAE,1024,2791,5.301323559651747,44,136.9223292745041,29,-0.0710374185757465,29,0.0,1100,9.934512864378366,32,330.9777643621092,70,-0.2932672835189451,68,10.0,351,25.29975413055162,73,1007.3504304417722,73,-1.7887831884389604,73,20.0,199,35.5744713744626,73,1660.2697357419297,73,-3.267587008967471,73,30.0,104,47.78083994147869,73,2714.2821500340306,73,-5.333753255608017,73,25.700000000000003,140,42.024663904138976,75,2184.365477159204,73,-4.276251590232949,73,56.61999999999998,28,74.96992544446672,75,6065.688139742887,75,-13.095048031821952,75,2026-08-25T22:28:56-03:00
requested_mse_2026_08_25_12h5808/RS_A801_w30_k07_kmeans,outputs/pytorch/25_08_26/requested_mse_2026_08_25_12h5808/RS_A801_w30_k07_kmeans,30,7,kmeans,MSE,MAE,1024,2791,5.303120779730607,45,131.28404359946148,13,-0.0269334731740906,12,0.0,1100,9.648741332758556,15,322.45147722436894,52,-0.2599515463533999,51,10.0,351,25.063572900417523,66,990.6000080767964,63,-1.742410749534844,66,20.0,199,35.3434632322297,66,1637.8106854297396,63,-3.209857864550333,64,30.0,104,47.422526614253336,62,2679.373428944901,62,-5.252294065433329,62,25.700000000000003,140,41.69411063049521,63,2153.366818870956,61,-4.201375512122995,61,56.61999999999998,28,74.7024869774069,70,6006.501637377048,69,-12.957514321802131,68,2026-08-25T14:14:33-03:00
requested_weighted_mse_2026_08_25_12h5808/RS_A801_w15_k01_kmeans,outputs/pytorch/25_08_26/requested_weighted_mse_2026_08_25_12h5808/RS_A801_w15_k01_kmeans,15,1,kmeans,WMSE(a=.01),MAE,1024,2806,5.307989301362041,46,144.6154135013954,56,-0.1346930533812422,56,0.0,1108,10.162665241849124,41,339.5607536648655,75,-0.3335371919637178,75,10.0,354,25.71587037999751,75,1024.369392703048,75,-1.851881239228459,76,20.0,200,35.913554837465284,76,1683.5733114594298,76,-3.33885803966294,76,30.0,104,47.87222389212021,75,2735.9914217671444,75,-5.38441164810961,75,25.6,140,42.08079367978232,76,2204.1294674175383,76,-4.3239907557344575,76,56.58999999999997,29,74.70357554698813,71,6002.71593214039,68,-12.974024666115085,70,2026-08-25T20:42:11-03:00
requested_mse_2026_08_25_12h5808/RS_A801_w30_k01_kmeans,outputs/pytorch/25_08_26/requested_mse_2026_08_25_12h5808/RS_A801_w30_k01_kmeans,30,1,kmeans,MSE,MAE,1024,2791,5.310760280907433,47,143.58013633779132,55,-0.1231162907963807,55,0.0,1100,10.270575900262052,49,341.53563911961584,76,-0.3345212754107853,76,10.0,351,25.85180945003304,76,1028.5559960976568,76,-1.847489397534969,75,20.0,199,35.837902751535026,75,1681.0217296721316,75,-3.3209283051437373,75,30.0,104,47.98019806734071,77,2739.493827007573,76,-5.392584479586892,76,25.700000000000003,140,41.9899174106334,73,2196.249475335176,75,-4.30495693507105,75,56.61999999999998,28,75.3991506354085,76,6122.459508300097,76,-13.226969612393033,76,2026-08-25T13:54:02-03:00
requested_mse_2026_08_25_12h5808/RS_A801_w30_k05_kmeans,outputs/pytorch/25_08_26/requested_mse_2026_08_25_12h5808/RS_A801_w30_k05_kmeans,30,5,kmeans,MSE,MAE,1024,2791,5.323902688283554,48,131.90035803355343,15,-0.0317544240300862,16,0.0,1100,9.732468822262502,23,322.94265510745845,57,-0.2618707818881858,55,10.0,351,25.022400453015948,62,985.7431573115996,59,-1.728964878710331,60,20.0,199,35.27911263530578,62,1629.5963074354654,61,-3.188743480507521,60,30.0,104,47.29796637101815,61,2663.4199496292936,58,-5.215066763344548,58,25.700000000000003,140,41.60466147303581,58,2141.790357972829,57,-4.173413011862992,58,56.61999999999998,28,73.91496024216924,52,5914.154443104076,56,-12.742923972134616,56,2026-08-25T14:08:08-03:00
requested_mse_2026_08_25_12h5808/RS_A801_w45_k09_kmeans,outputs/pytorch/25_08_26/requested_mse_2026_08_25_12h5808/RS_A801_w45_k09_kmeans,45,9,kmeans,MSE,MAE,1024,2776,5.345899092867669,49,133.2670583905099,22,-0.0397666043903779,18,0.0,1097,9.70887108149046,20,324.24483531371936,59,-0.2656341598617784,58,10.0,349,25.130949799174225,69,996.0553513435758,70,-1.7434033315032056,67,20.0,198,35.35150041435704,67,1644.1949151483395,67,-3.2105405971224625,65,30.0,104,47.49759870217396,65,2685.3614365869985,64,-5.266267028007342,64,25.65,139,41.9315057391743,71,2171.9767792543253,69,-4.233411591970509,68,56.65,28,74.52546452454158,64,5992.2970502310045,67,-12.924506634383478,67,2026-08-25T15:30:34-03:00
requested_mse_2026_08_25_12h5808/RS_A801_w45_k03_kmeans,outputs/pytorch/25_08_26/requested_mse_2026_08_25_12h5808/RS_A801_w45_k03_kmeans,45,3,kmeans,MSE,MAE,1024,2776,5.362123566638324,50,132.4531803514817,17,-0.0334166240182705,17,0.0,1097,9.69379202839235,19,322.6383140205492,54,-0.2593633792486833,50,10.0,349,25.057828131412027,65,992.4253299332084,64,-1.7334052798716404,62,20.0,198,35.28730314831541,63,1639.1561039261787,65,-3.197636944996625,62,30.0,104,47.42966956496238,63,2679.636480839853,63,-5.252907894690552,63,25.65,139,41.752222915690574,65,2161.7680633729988,65,-4.208813533398811,63,56.65,28,74.68666949272155,69,6012.362508043147,70,-12.97113342843007,69,2026-08-25T15:03:05-03:00
requested_weighted_mse_2026_08_25_12h5808/RS_A801_w45_k03_kmeans,outputs/pytorch/25_08_26/requested_weighted_mse_2026_08_25_12h5808/RS_A801_w45_k03_kmeans,45,3,kmeans,WMSE(a=.01),MAE,1024,2776,5.364698163645412,51,135.93590782985396,28,-0.0605893084606099,27,0.0,1097,9.739642517003778,24,323.11490558669755,58,-0.2612236727698918,54,10.0,349,24.97037450409892,60,986.3275591940786,60,-1.7166103853530714,56,20.0,198,35.060630640417635,55,1623.955760294229,56,-3.1587111075774272,54,30.0,104,47.29192258841716,58,2659.7296048980347,54,-5.206455376736993,54,25.65,139,41.5177381114994,55,2142.3396523034367,58,-4.162000476889099,54,56.65,28,73.67008603726114,51,5879.867264480979,51,-12.663249676583266,51,2026-08-25T22:57:57-03:00
requested_mse_2026_08_25_12h5808/RS_A801_w30_k12_kmeans,outputs/pytorch/25_08_26/requested_mse_2026_08_25_12h5808/RS_A801_w30_k12_kmeans,30,12,kmeans,MSE,MAE,1024,2791,5.368350363738731,52,130.28423953338392,6,-0.019112779707312,5,0.0,1100,9.626821077552709,11,318.18388864730537,45,-0.2432763092815908,43,10.0,351,24.84917319085863,55,975.5986260842386,54,-1.700880413477064,52,20.0,199,35.052494458577144,54,1613.048863375895,53,-3.1462096344823864,52,30.0,104,47.0975306047843,52,2642.340847243786,50,-5.165878865410713,50,25.700000000000003,140,41.37005365559033,53,2122.013116253072,51,-4.125641837961269,51,56.61999999999998,28,74.11978750824927,56,5908.679643810178,55,-12.730201992825052,53,2026-08-25T14:28:52-03:00
requested_mse_2026_08_25_12h5808/RS_A801_w30_k09_kmeans,outputs/pytorch/25_08_26/requested_mse_2026_08_25_12h5808/RS_A801_w30_k09_kmeans,30,9,kmeans,MSE,MAE,1024,2791,5.3816833220174,53,130.71352678595085,9,-0.0224707616614092,9,0.0,1100,9.62647839156064,10,319.6187866537299,49,-0.2488830504186334,47,10.0,351,24.89498706672266,56,981.9506798572536,57,-1.718465655155549,57,20.0,199,35.135608010615535,58,1624.543990133704,57,-3.175756913796093,59,30.0,104,47.228822714663465,55,2663.234035933278,57,-5.214632935388456,57,25.700000000000003,140,41.48132897215231,54,2138.134512062291,56,-4.164582455346317,57,56.61999999999998,28,74.47967175969055,62,5980.197568857165,63,-12.89639065360844,63,2026-08-25T14:21:02-03:00
requested_mse_2026_08_25_12h5808/RS_A801_w45_k07_kmeans,outputs/pytorch/25_08_26/requested_mse_2026_08_25_12h5808/RS_A801_w45_k07_kmeans,45,7,kmeans,MSE,MAE,1024,2776,5.415274501089489,54,135.39845738965914,26,-0.0563960515074029,25,0.0,1097,9.79164946936648,29,327.4321823799951,65,-0.278075423027962,64,10.0,349,25.11428588273532,67,995.606278996954,68,-1.7421664659312812,65,20.0,198,35.36997821282859,69,1645.1838045929978,69,-3.213072997091857,66,30.0,104,47.51657595393749,68,2687.7016964262266,66,-5.271728003527332,66,25.65,139,41.80083674707,67,2167.9935720828016,66,-4.223813992777102,66,56.65,28,74.77436196420874,72,6017.164725152667,72,-12.982292505398508,72,2026-08-25T15:21:00-03:00
requested_weighted_mse_2026_08_25_12h5808/RS_A801_w15_k05_kmeans,outputs/pytorch/25_08_26/requested_weighted_mse_2026_08_25_12h5808/RS_A801_w15_k05_kmeans,15,5,kmeans,WMSE(a=.01),MAE,1024,2806,5.430467893575144,55,141.97043490724738,42,-0.1139398102486011,53,0.0,1108,10.019257169413224,35,330.4969259974709,69,-0.2979413489059839,70,10.0,354,25.174124828385093,71,995.773522090555,69,-1.772269306755566,71,20.0,200,35.38685828489065,70,1644.416917040617,68,-3.2379452753824207,70,30.0,104,47.63041792059174,71,2692.1568888589,69,-5.282124155443393,69,25.6,140,42.016657400173806,74,2172.4136284703227,71,-4.247382355065881,71,56.58999999999997,29,73.47671762684297,43,5849.766665277578,47,-12.617966366510853,48,2026-08-25T21:09:32-03:00
requested_mse_2026_08_25_12h5808/RS_A801_w45_k05_kmeans,outputs/pytorch/25_08_26/requested_mse_2026_08_25_12h5808/RS_A801_w45_k05_kmeans,45,5,kmeans,MSE,MAE,1024,2776,5.440537036478691,56,130.685172802079,8,-0.0196224033880512,6,0.0,1097,9.6088202934865,8,319.05650867946383,48,-0.2453824157916497,45,10.0,349,24.911252053897496,57,983.7941935517327,58,-1.709632817556511,55,20.0,198,35.16914720318534,60,1628.3800891341514,58,-3.170041160981608,56,30.0,104,47.27034097932852,57,2664.035262543097,60,-5.216502590556162,60,25.65,139,41.62819944903147,59,2149.441670156825,60,-4.179112898584999,60,56.65,28,74.54526357821055,65,5984.526847457275,65,-12.906450747105806,65,2026-08-25T15:11:26-03:00
requested_mse_2026_08_25_12h5808/RS_A801_w15_k05_kmeans,outputs/pytorch/25_08_26/requested_mse_2026_08_25_12h5808/RS_A801_w15_k05_kmeans,15,5,kmeans,MSE,MAE,1024,2806,5.466420488083949,57,130.1222361493891,5,-0.0209755231085424,7,0.0,1108,9.60272043861637,6,317.0140271912859,42,-0.2449907448698163,44,10.0,354,24.77925474583093,53,972.9546104487378,53,-1.7087406358732884,54,20.0,200,35.02688591015339,53,1615.2206709481036,54,-3.1627015267293457,55,30.0,104,47.2938954694913,59,2661.672330033045,55,-5.210988708560462,55,25.6,140,41.53861324514662,56,2137.2898590287136,54,-4.16254222812326,55,56.58999999999997,29,73.64233151139885,49,5844.6014299159215,46,-12.60594195503344,47,2026-08-25T13:17:08-03:00
requested_mse_2026_08_25_12h5808/RS_A801_w15_k07_kmeans,outputs/pytorch/25_08_26/requested_mse_2026_08_25_12h5808/RS_A801_w15_k07_kmeans,15,7,kmeans,MSE,MAE,1024,2806,5.500200963334705,58,132.7614363845953,19,-0.0416834276179172,21,0.0,1108,9.717604049728235,22,321.3556363560473,50,-0.2620412939444425,56,10.0,354,24.813256387858743,54,981.180873741608,56,-1.7316428488064417,61,20.0,200,35.09268300038576,57,1629.1495886023924,60,-3.1985987436409893,63,30.0,104,47.47393849113813,64,2688.595328731209,67,-5.273813286562823,67,25.6,140,41.69102806815079,62,2158.311361230886,62,-4.213318865816484,64,56.58999999999997,29,74.15578626312059,58,5931.454094805288,57,-12.808130646819336,58,2026-08-25T13:22:44-03:00
requested_weighted_mse_2026_08_25_12h5808/RS_A801_w45_k09_kmeans,outputs/pytorch/25_08_26/requested_weighted_mse_2026_08_25_12h5808/RS_A801_w45_k09_kmeans,45,9,kmeans,WMSE(a=.01),MAE,1024,2776,5.51473714450766,59,138.31107032919792,31,-0.0791206295285784,30,0.0,1097,9.78964688618181,28,325.7906100620409,64,-0.2716678267451218,61,10.0,349,24.934477965879573,59,994.2767694604354,67,-1.7385046404244653,64,20.0,198,35.303300606391645,64,1646.271266712961,70,-3.215857827139531,67,30.0,104,47.4977075184767,66,2690.213715771716,68,-5.27758977832751,68,25.65,139,41.749360517675065,64,2170.724611577064,68,-4.230394474614623,67,56.65,28,74.92962725290229,74,6038.253194332698,73,-13.031296506125576,73,2026-08-25T23:30:22-03:00
requested_weighted_mse_2026_08_25_12h5808/RS_A801_w30_k12_kmeans,outputs/pytorch/25_08_26/requested_weighted_mse_2026_08_25_12h5808/RS_A801_w30_k12_kmeans,30,12,kmeans,WMSE(a=.01),MAE,1024,2791,5.5430263550018415,60,131.2230042277624,12,-0.0264560094072787,11,0.0,1100,9.65675258044763,16,316.82348110055483,40,-0.2379606332395596,39,10.0,351,24.63352194554106,52,969.6838774518302,51,-1.6845058222211995,51,20.0,199,34.79918822532323,52,1605.4593483376564,51,-3.126701409352284,51,30.0,104,47.04404002250386,50,2644.38317292348,51,-5.170644614219328,51,25.700000000000003,140,41.28229258277587,51,2121.2580667276056,50,-4.123818044598343,50,56.61999999999998,28,74.24314019978046,61,5948.119489533442,61,-12.821849718034452,61,2026-08-25T22:37:49-03:00
requested_weighted_mse_2026_08_25_12h5808/RS_A801_w30_k05_kmeans,outputs/pytorch/25_08_26/requested_weighted_mse_2026_08_25_12h5808/RS_A801_w30_k05_kmeans,30,5,kmeans,WMSE(a=.01),MAE,1024,2791,5.543254992736364,61,141.76207468504347,37,-0.1088950014735354,34,0.0,1100,10.075731276474215,36,333.8291665663006,72,-0.3044088935601565,71,10.0,351,25.03907468729889,63,999.1515503777358,71,-1.7660851300516875,70,20.0,199,35.365598090090344,68,1651.9590203606654,72,-3.2462249975829414,71,30.0,104,47.68943627832027,72,2706.5054114303607,72,-5.315606305244589,72,25.700000000000003,140,41.818314863783975,68,2172.5988138470825,72,-4.247829663288261,72,56.61999999999998,28,74.88195737174578,73,6051.725861464988,74,-13.062603405849307,74,2026-08-25T22:10:53-03:00
requested_mse_2026_08_25_12h3104/RS_A801_w15_k01_kmeans,outputs/pytorch/25_08_26/requested_mse_2026_08_25_12h3104/RS_A801_w15_k01_kmeans,15,1,kmeans,MSE,MAE,1024,2806,5.562943541689252,62,128.13916272201752,2,-0.0054157733702357,3,0.0,1108,9.544137514326115,3,309.51084727091046,24,-0.2155239429092712,24,10.0,354,24.331216941310863,45,948.3201862667896,41,-1.640157512769317,42,20.0,200,34.55142022740841,46,1578.2831530652943,42,-3.0675071889834635,42,30.0,104,46.61003435712594,43,2600.7014951196134,42,-5.068713807579647,42,25.6,140,40.93817873324667,43,2087.577109666081,43,-4.042462975991623,43,56.58999999999997,29,72.81838693865414,39,5740.605319478297,39,-12.363844173152026,39,2026-08-25T12:35:15-03:00
requested_weighted_mse_2026_08_25_12h5808/RS_A801_w45_k05_kmeans,outputs/pytorch/25_08_26/requested_weighted_mse_2026_08_25_12h5808/RS_A801_w45_k05_kmeans,45,5,kmeans,WMSE(a=.01),MAE,1024,2776,5.584391736168339,63,131.0254413267923,11,-0.0222772218615356,8,0.0,1097,9.579836670028804,4,313.7556167032096,33,-0.2246912921955151,29,10.0,349,24.558159234530606,51,963.996850881054,48,-1.6551056311261685,46,20.0,198,34.74622696650148,51,1596.9404140373276,47,-3.0895287915928646,46,30.0,104,46.78036045134067,46,2614.3265955050706,44,-5.100507858144099,44,25.65,139,41.21624783251782,50,2109.95960978986,47,-4.08398026439989,46,56.65,28,73.62019126159804,47,5854.96727727676,49,-12.60538872040656,46,2026-08-25T23:07:13-03:00
requested_weighted_mse_2026_08_25_12h5808/RS_A801_w45_k12_kmeans,outputs/pytorch/25_08_26/requested_weighted_mse_2026_08_25_12h5808/RS_A801_w45_k12_kmeans,45,12,kmeans,WMSE(a=.01),MAE,1024,2776,5.59640584116968,64,138.72248018486675,32,-0.082330501749124,31,0.0,1097,9.880291382660078,30,324.91125997658446,61,-0.2682354343507933,60,10.0,349,24.989589431429323,61,987.1938443038543,61,-1.7189963666672474,58,20.0,198,35.193397332441926,61,1628.7517079621068,59,-3.170992821972251,58,30.0,104,47.17991745236974,54,2653.5771460595124,53,-5.19209866875879,53,25.65,139,41.68695398170313,61,2148.985591924783,59,-4.178013971041568,59,56.65,28,74.11257417755466,55,5941.142937328878,59,-12.805638063865231,57,2026-08-25T23:43:12-03:00
requested_weighted_mse_2026_08_25_12h5808/RS_A801_w30_k07_kmeans,outputs/pytorch/25_08_26/requested_weighted_mse_2026_08_25_12h5808/RS_A801_w30_k07_kmeans,30,7,kmeans,WMSE(a=.01),MAE,1024,2791,5.614434076401976,65,129.67289867108184,4,-0.0143307332544122,4,0.0,1100,9.585253248008817,5,311.9262069716551,26,-0.2188249537731874,25,10.0,351,24.503678960983567,50,956.8865753993152,46,-1.6490773360232258,44,20.0,199,34.724447383712885,50,1586.4272679804803,44,-3.077781009770577,44,30.0,104,46.73959026107421,45,2602.455384914935,43,-5.072806493817501,43,25.700000000000003,140,40.98888316818646,46,2086.68279734546,42,-4.040302798652628,42,56.61999999999998,28,73.55374697531973,46,5824.684682423574,43,-12.535020013814606,43,2026-08-25T22:18:26-03:00
requested_mse_2026_08_25_12h5808/RS_A801_w30_k03_kmeans,outputs/pytorch/25_08_26/requested_mse_2026_08_25_12h5808/RS_A801_w30_k03_kmeans,30,3,kmeans,MSE,MAE,1024,2791,5.652073207870259,66,133.61432049957628,24,-0.0451614259768946,23,0.0,1100,9.691601156538184,18,316.99669925916305,41,-0.2386374683673549,40,10.0,351,24.47598881551683,48,965.4444565549468,49,-1.6727692652409636,49,20.0,199,34.59516696151177,47,1599.157183243706,49,-3.110502211532604,48,30.0,104,46.84737901527148,48,2637.4494579021243,48,-5.154464851887171,48,25.700000000000003,140,41.06360080906323,48,2113.712551907797,48,-4.105592141019737,48,56.61999999999998,28,74.57166189210754,66,5990.77303299921,66,-12.920965223155504,66,2026-08-25T14:01:18-03:00
requested_weighted_mse_2026_08_25_12h5808/RS_A801_w15_k09_kmeans,outputs/pytorch/25_08_26/requested_weighted_mse_2026_08_25_12h5808/RS_A801_w15_k09_kmeans,15,9,kmeans,WMSE(a=.01),MAE,1024,2806,5.708425023724841,67,131.43830358544267,14,-0.0313017569539884,14,0.0,1108,9.606437147836392,7,313.8210058331147,35,-0.2324509778622949,36,10.0,354,24.3730701604132,46,959.8703839853464,47,-1.672313678716458,48,20.0,200,34.646404892921446,48,1598.1439695077986,48,-3.1186919295048785,49,30.0,104,46.94313782820335,49,2641.886521204812,49,-5.164818699639653,49,25.6,140,41.18511049474989,49,2118.994315129535,49,-4.118350038857497,49,56.58999999999997,29,73.63874194293187,48,5862.128431777399,50,-12.646743945183252,50,2026-08-25T21:32:21-03:00
requested_weighted_mse_2026_08_25_12h5808/RS_A801_w15_k12_kmeans,outputs/pytorch/25_08_26/requested_weighted_mse_2026_08_25_12h5808/RS_A801_w15_k12_kmeans,15,12,kmeans,WMSE(a=.01),MAE,1024,2806,5.712537629497705,68,132.73454821528594,18,-0.0414724555078578,20,0.0,1108,9.759423183044587,26,316.08301625832064,39,-0.2413344397997099,42,10.0,354,24.30220514593152,44,955.0952774950706,44,-1.6590196104712116,47,20.0,200,34.4989214451313,43,1588.894934013383,45,-3.094855573974102,47,30.0,104,46.79252391560719,47,2628.0402830476105,47,-5.13250862605169,47,25.6,140,41.03697123765946,47,2108.0663419456355,46,-4.091953935965155,47,56.58999999999997,29,73.50517645745443,44,5836.568682188593,44,-12.587242117135505,45,2026-08-25T21:42:10-03:00
requested_weighted_mse_2026_08_25_12h5808/RS_A801_w30_k03_kmeans,outputs/pytorch/25_08_26/requested_weighted_mse_2026_08_25_12h5808/RS_A801_w30_k03_kmeans,30,3,kmeans,WMSE(a=.01),MAE,1024,2791,5.751326175455294,69,135.15326335122106,25,-0.057199384927014,26,0.0,1100,9.780373948649927,27,318.8013071357436,46,-0.2456888191759512,46,10.0,351,24.50301820555983,49,969.085069812559,50,-1.6828480627890865,50,20.0,199,34.53545173505443,44,1603.5284166983306,50,-3.12173810814779,50,30.0,104,47.0771549684497,51,2651.808703608437,52,-5.187972024028171,52,25.700000000000003,140,41.33331977282252,52,2128.228498342341,53,-4.140654856604585,53,56.61999999999998,28,74.58441122983183,67,5981.526392041554,64,-12.899478485718868,64,2026-08-25T21:55:50-03:00
requested_weighted_mse_2026_08_25_12h5808/RS_A801_w45_k01_kmeans,outputs/pytorch/25_08_26/requested_weighted_mse_2026_08_25_12h5808/RS_A801_w45_k01_kmeans,45,1,kmeans,WMSE(a=.01),MAE,1024,2776,5.780202596898725,70,128.72352173857792,3,-0.0043173513374648,2,0.0,1097,9.521862012185936,2,307.7277360995774,23,-0.2011624930516713,21,10.0,349,24.144432587746564,41,946.7172490264776,40,-1.607512977534228,40,20.0,198,34.41411725631868,42,1575.5621768798117,41,-3.0347822803262785,40,30.0,104,46.52510957213549,41,2592.743850767874,40,-5.050144715262118,40,25.65,139,40.8699025510884,42,2086.363970261099,41,-4.027126206562231,41,56.65,28,73.51164267574038,45,5842.301114822326,45,-12.575955923325491,44,2026-08-25T22:45:19-03:00
requested_quantile_q0p8_2026_08_25_12h5808/RS_A801_w15_k03_kmeans,outputs/pytorch/25_08_26/requested_quantile_q0p8_2026_08_25_12h5808/RS_A801_w15_k03_kmeans,15,3,kmeans,QWMSE(.8),MAE,1024,2806,5.794881644822706,71,141.176570913084,33,-0.1077109309217236,33,0.0,1108,9.894666455928167,31,322.1573371913014,51,-0.2651897669911682,57,10.0,354,24.444803929244724,47,970.5437993712194,52,-1.7020288511086572,53,20.0,200,34.71349102263152,49,1612.1493037795212,52,-3.1547860851851874,53,30.0,104,47.10460939424542,53,2663.532593730817,59,-5.215329617353568,59,25.6,140,40.98240639656783,45,2124.9028378765256,52,-4.132621850450254,52,56.58999999999997,29,74.18354479824676,59,5890.269973203248,52,-12.712256056446376,52,2026-08-26T05:07:32-03:00
requested_weighted_mse_2026_08_25_12h5808/RS_A801_w30_k01_kmeans,outputs/pytorch/25_08_26/requested_weighted_mse_2026_08_25_12h5808/RS_A801_w30_k01_kmeans,30,1,kmeans,WMSE(a=.01),MAE,1024,2791,5.832350997248246,72,127.61252423633816,1,0.0017859814376319,1,0.0,1100,9.515819592042403,1,305.22447520423765,20,-0.1926385105405894,18,10.0,351,24.024464138009268,39,936.3434816693476,39,-1.592205136735502,36,20.0,199,34.23365779354344,40,1558.996451421591,39,-3.0072723485139328,38,30.0,104,46.35709607280217,40,2573.985912082958,38,-5.0063732321786105,38,25.700000000000003,140,40.61178825480598,40,2060.988141124657,38,-3.978238335464989,38,56.61999999999998,28,73.33356479065758,41,5806.117226780281,41,-12.491874178899984,41,2026-08-25T21:47:57-03:00
requested_weighted_mse_2026_08_25_12h5808/RS_A801_w15_k03_kmeans,outputs/pytorch/25_08_26/requested_weighted_mse_2026_08_25_12h5808/RS_A801_w15_k03_kmeans,15,3,kmeans,WMSE(a=.01),MAE,1024,2806,5.867229353288668,73,133.25322282068103,21,-0.0455421217865592,24,0.0,1108,9.64166331422996,14,311.99786114599044,28,-0.2252910478045038,32,10.0,354,24.236355208390847,43,951.1146056803432,42,-1.6479372769411254,43,20.0,200,34.4029059356153,41,1582.8276274306595,43,-3.079219081184412,45,30.0,104,46.67875351206614,44,2619.647215567992,46,-5.112923477738016,46,25.6,140,40.85425583788327,41,2096.4373552110583,44,-4.063864561548331,44,56.58999999999997,29,73.32915264943551,40,5810.382638858861,42,-12.526282308353222,42,2026-08-25T20:53:06-03:00
requested_weighted_mse_2026_08_25_12h5808/RS_A801_w45_k07_kmeans,outputs/pytorch/25_08_26/requested_weighted_mse_2026_08_25_12h5808/RS_A801_w45_k07_kmeans,45,7,kmeans,WMSE(a=.01),MAE,1024,2776,5.901969736745791,74,133.3089350477166,23,-0.040093331416493,19,0.0,1097,9.635352548698783,12,312.4499917780982,30,-0.219595009000783,28,10.0,349,24.18489077576252,42,956.0509417517908,45,-1.6332204682708735,41,20.0,198,34.547186661970734,45,1592.2623610354233,46,-3.077548988043702,43,30.0,104,46.58403826012061,42,2615.583651843289,45,-5.103441187928762,45,25.65,139,40.94375651380141,44,2105.6716620482216,45,-4.073648388096609,45,56.65,28,74.18873355473791,60,5946.874184605556,60,-12.818955960167507,60,2026-08-25T23:17:22-03:00
requested_quantile_q0p8_2026_08_25_12h5808/RS_A801_w15_k01_kmeans,outputs/pytorch/25_08_26/requested_quantile_q0p8_2026_08_25_12h5808/RS_A801_w15_k01_kmeans,15,1,kmeans,QWMSE(.8),MAE,1024,2806,6.196297306540346,75,138.06005894183903,30,-0.0832579047958674,32,0.0,1108,9.756826961492374,25,310.4008210265524,25,-0.2190190850604501,26,10.0,354,23.822622882915752,37,933.492292892068,37,-1.5988761242058978,38,20.0,200,34.192796899199486,39,1558.8774543992686,38,-3.01749536526349,39,30.0,104,46.12859175778352,38,2571.467211674925,37,-5.000495867178409,37,25.6,140,40.49992656009538,39,2062.190109896881,40,-3.98114164524175,40,56.58999999999997,29,72.77937701817217,38,5682.302062633007,37,-12.228117085866652,37,2026-08-26T04:51:17-03:00
requested_quantile_pair_mae_patience_2026_08_26_15h4203_q0p9/RS_A801_w15_k01_kmeans,outputs/pytorch/26_08_26/requested_quantile_pair_mae_patience_2026_08_26_15h4203_q0p9/RS_A801_w15_k01_kmeans,15,1,kmeans,QWMSE(.9),MAE,128,2806,6.361013189608566,76,160.61325323076437,92,-0.2602165862503458,92,0.0,1108,10.452418714166042,76,334.5048053328188,73,-0.3136812602382111,73,10.0,354,24.08671945937805,40,951.8449113007192,43,-1.649970474059753,45,20.0,200,33.671192739206724,37,1565.9199996749282,40,-3.035645215929926,41,30.0,104,45.96483494271441,35,2591.855144093646,39,-5.048070926142184,39,25.6,140,39.68287848420032,35,2061.4371576134413,39,-3.97932291768704,39,56.58999999999997,29,72.4320763326591,37,5732.555963133792,38,-12.345105671217894,38,2026-08-26T15:55:14-03:00
requested_quantile_q0p9_2026_08_25_12h5808/RS_A801_w15_k01_kmeans,outputs/pytorch/25_08_26/requested_quantile_q0p9_2026_08_25_12h5808/RS_A801_w15_k01_kmeans,15,1,kmeans,QWMSE(.9),MAE,1024,2806,6.388766955687841,77,155.21427274464483,82,-0.2178546726436636,82,0.0,1108,10.222027702989992,44,324.9981923528261,62,-0.2763464921838985,63,10.0,354,23.544053649717128,34,933.6011552215612,38,-1.599179200847343,39,20.0,200,33.54527359542251,36,1550.942542293556,37,-2.9970457317669568,37,30.0,104,46.29976378318209,39,2592.884562070616,41,-5.050473063835545,41,25.6,140,39.947405919900966,38,2057.951398118423,37,-3.970903198427111,37,56.58999999999997,29,73.40253986120224,42,5775.776518321911,40,-12.445720977874029,40,2026-08-25T23:59:31-03:00
requested_multiquantile_q0p75_q0p9_q0p95_q0p99_2026_08_26_12h5420/RS_A801_w15_k01_kmeans_u1_256,outputs/pytorch/26_08_26/requested_multiquantile_q0p75_q0p9_q0p95_q0p99_2026_08_26_12h5420/RS_A801_w15_k01_kmeans_u1_256,15,1,kmeans,QWMSE(.75/.9/.95/.99),R2,256,2806,6.701470539533789,78,150.44465006782815,76,-0.1804308767453011,76,0.0,1108,10.32711476532218,70,313.2790960350919,32,-0.2303227670412464,34,10.0,354,23.203407751797613,31,893.7520893375497,31,-1.4882379679240207,31,20.0,200,32.762166360180935,30,1478.1866318879613,29,-2.809541234845073,29,30.0,104,45.06079474860903,34,2467.1004615630623,31,-4.756956984056052,31,25.6,140,38.99369600439714,28,1960.0219190798043,28,-3.734358272721651,28,56.58999999999997,29,69.85733116056109,19,5399.14405484538,22,-11.568939302016169,22,2026-08-26T13:30:23-03:00
requested_quantile_pair_mae_patience_2026_08_26_15h4203_q0p9/RS_A801_w15_k03_kmeans,outputs/pytorch/26_08_26/requested_quantile_pair_mae_patience_2026_08_26_15h4203_q0p9/RS_A801_w15_k03_kmeans,15,3,kmeans,QWMSE(.9),MAE,128,2806,6.764290041128948,79,167.7319885579646,106,-0.3160721781894153,106,0.0,1108,10.546959384313505,83,330.18895876249377,68,-0.2967318871018272,69,10.0,354,23.704909632618666,35,928.7248851896874,35,-1.585603489663102,35,20.0,200,33.348177645886224,35,1533.417997979978,35,-2.951881966418073,35,30.0,104,45.997358057369055,37,2545.418254526898,36,-4.939710857359354,36,25.6,140,39.69624443444456,36,2026.948368407265,36,-3.8960165613116615,36,56.58999999999997,29,71.73091339733993,34,5570.997385466382,32,-11.969005323497148,33,2026-08-26T16:11:48-03:00
requested_quantile_pair_mae_patience_2026_08_26_15h4203_q0p85/RS_A801_w15_k05_kmeans,outputs/pytorch/26_08_26/requested_quantile_pair_mae_patience_2026_08_26_15h4203_q0p85/RS_A801_w15_k05_kmeans,15,5,kmeans,QWMSE(.85),MAE,128,2806,6.76596303436537,80,152.5703965559306,78,-0.1971100792929336,78,0.0,1108,10.160632456655224,40,307.4794479711412,21,-0.207546146627652,22,10.0,354,23.353517508074887,33,897.0028129637093,33,-1.4972880994384914,33,20.0,200,32.9491740698987,33,1483.3440442822775,32,-2.822832773787049,32,30.0,104,45.04012485891034,32,2464.511762426441,30,-4.750916277645277,30,25.6,140,39.10287028226463,31,1962.6115874661884,29,-3.7406135180479065,29,56.58999999999997,29,70.09661669517304,21,5429.513556915838,24,-11.639637995045756,24,2026-08-26T17:31:10-03:00
requested_quantile_pair_mae_patience_2026_08_26_15h4203_q0p85/RS_A801_w15_k01_kmeans,outputs/pytorch/26_08_26/requested_quantile_pair_mae_patience_2026_08_26_15h4203_q0p85/RS_A801_w15_k01_kmeans,15,1,kmeans,QWMSE(.85),MAE,128,2806,6.776809173583195,81,162.3536247860352,96,-0.2738720290987602,98,0.0,1108,10.603622597725646,86,327.9828966490223,66,-0.2880681477139715,66,10.0,354,23.95447073362784,38,932.8278332522272,36,-1.5970262446657777,37,20.0,200,33.90198292174276,38,1540.5572475744527,36,-2.9702810407496174,36,30.0,104,45.973434817892,36,2544.291137124155,35,-4.937080738924912,35,25.6,140,39.913193200115984,37,2025.2351139203488,35,-3.89187826037,35,56.58999999999997,29,71.39251703667894,31,5556.508267974109,30,-11.935275377333417,30,2026-08-26T17:04:59-03:00
requested_quantile_pair_mae_patience_2026_08_26_15h4203_q0p85/RS_A801_w15_k03_kmeans,outputs/pytorch/26_08_26/requested_quantile_pair_mae_patience_2026_08_26_15h4203_q0p85/RS_A801_w15_k03_kmeans,15,3,kmeans,QWMSE(.85),MAE,128,2806,6.787626294333883,82,157.33039423115315,85,-0.2344583547320089,85,0.0,1108,10.10352202395498,37,312.72046164885296,31,-0.2281288747179459,33,10.0,354,22.649124920352985,24,889.5380367320965,29,-1.476505893877078,29,20.0,200,32.54235886337836,28,1483.317399159543,31,-2.822764104722146,31,30.0,104,45.0293780656084,31,2485.961451145816,33,-4.800968935493103,33,25.6,140,38.8519741950319,26,1970.166147533202,32,-3.758861270076532,32,56.58999999999997,29,71.57634315090532,32,5568.270931481976,31,-11.962658273984925,32,2026-08-26T17:17:23-03:00
requested_quantile_pair_mae_patience_2026_08_26_15h4203_q0p9/RS_A801_w15_k05_kmeans,outputs/pytorch/26_08_26/requested_quantile_pair_mae_patience_2026_08_26_15h4203_q0p9/RS_A801_w15_k05_kmeans,15,5,kmeans,QWMSE(.9),MAE,128,2806,6.900277937239069,83,159.02962004135685,89,-0.2477909565362119,89,0.0,1108,10.45884412646585,77,315.4160288545553,38,-0.2387150189747398,41,10.0,354,23.227933579109788,32,894.6974920611437,32,-1.490870003115758,32,20.0,200,32.945369659511435,32,1478.5385760061029,30,-2.810448255380571,30,30.0,104,44.75564271006577,28,2435.078841893343,26,-4.682234819364963,26,25.6,140,39.18094716208061,34,1954.28685802196,26,-3.720505451230493,26,56.58999999999997,29,70.46477571753715,25,5404.776949810106,23,-11.582052401831078,23,2026-08-26T16:25:42-03:00
requested_quantile_pair_2026_08_26_14h0827_q0p9/RS_A801_w15_k01_kmeans,outputs/pytorch/26_08_26/requested_quantile_pair_2026_08_26_14h0827_q0p9/RS_A801_w15_k01_kmeans,15,1,kmeans,QWMSE(.9),R2,128,2806,6.958814805474814,84,171.8433288007677,108,-0.3483309056697359,108,0.0,1108,10.744089901304354,108,333.0874044826301,71,-0.3081147843447305,72,10.0,354,23.748533521848184,36,919.5868057039046,34,-1.5601627476478463,34,20.0,200,33.32699028379868,34,1512.7841802612436,34,-2.898705068632575,34,30.0,104,44.98363137772174,30,2483.879801837797,32,-4.796111425347546,32,25.6,140,39.14640596086264,32,1985.772331089997,34,-3.796557411894381,34,56.58999999999997,29,70.62998990381912,27,5513.6354418488645,29,-11.835469566671543,29,2026-08-26T14:17:13-03:00
requested_quantile_q0p9_2026_08_25_12h5808/RS_A801_w30_k05_kmeans,outputs/pytorch/25_08_26/requested_quantile_q0p9_2026_08_25_12h5808/RS_A801_w30_k05_kmeans,30,5,kmeans,QWMSE(.9),MAE,1024,2791,7.13189782462894,85,157.93705517833072,87,-0.235419356155758,86,0.0,1100,10.270883677374233,50,312.02526894171064,29,-0.2192120299417654,27,10.0,351,22.743417734569974,26,881.3253412618811,24,-1.4398910458384258,25,20.0,199,32.419501029067305,27,1460.071645443155,23,-2.7529942587735654,22,30.0,104,44.09522463862712,19,2414.7227581456423,22,-4.634734078991745,22,25.700000000000003,140,38.412345774514336,22,1927.079724040606,23,-3.654787655634542,23,56.61999999999998,28,71.16848412837301,29,5574.103596208066,33,-11.952736130320488,31,2026-08-26T01:38:13-03:00
requested_multiquantile_q0p75_q0p9_q0p95_q0p99_2026_08_26_12h5420/RS_A801_w15_k01_kmeans_u1_128,outputs/pytorch/26_08_26/requested_multiquantile_q0p75_q0p9_q0p95_q0p99_2026_08_26_12h5420/RS_A801_w15_k01_kmeans_u1_128,15,1,kmeans,QWMSE(.75/.9/.95/.99),R2,128,2806,7.141370625646728,86,157.0591050931736,84,-0.2323297441443124,84,0.0,1108,10.47950140044875,79,311.9509727356513,27,-0.2251069056785823,31,10.0,354,22.89236871136668,27,877.5849786461531,22,-1.4432281501749171,26,20.0,200,32.59523643144346,29,1457.2510553723864,22,-2.75558665273018,24,30.0,104,44.6064726847223,26,2415.5985104798824,23,-4.636777639274536,23,25.6,140,38.99468339199812,29,1934.835780473161,24,-3.673522114457536,24,56.58999999999997,29,69.58524312474654,18,5281.376155681764,18,-11.294781479724865,19,2026-08-26T13:10:55-03:00
requested_quantile_pair_2026_08_26_14h0827_q0p9/RS_A801_w15_k03_kmeans,outputs/pytorch/26_08_26/requested_quantile_pair_2026_08_26_14h0827_q0p9/RS_A801_w15_k03_kmeans,15,3,kmeans,QWMSE(.9),R2,128,2806,7.2067590147762415,87,161.6195609764856,94,-0.2681123587754688,96,0.0,1108,10.219372640269375,43,304.2119387016853,18,-0.1947138475799059,19,10.0,354,21.88778293763213,16,839.9923170671591,18,-1.3385688280070631,18,20.0,200,31.49069444729228,16,1400.2542821530835,17,-2.6086961632967003,17,30.0,104,44.158598370044416,23,2360.6895043155173,18,-4.508647961764264,18,25.6,140,37.92812174533906,16,1867.4458792532123,18,-3.5107443754777856,18,56.58999999999997,29,68.73969237672549,13,5132.131817280974,9,-10.947348069637268,9,2026-08-26T14:25:30-03:00
requested_quantile_q0p9_2026_08_25_12h5808/RS_A801_w30_k07_kmeans,outputs/pytorch/25_08_26/requested_quantile_q0p9_2026_08_25_12h5808/RS_A801_w30_k07_kmeans,30,7,kmeans,QWMSE(.9),MAE,1024,2791,7.217468802944301,88,157.00897887303572,83,-0.2281597334519134,83,0.0,1100,10.26743063856255,47,300.579672021524,17,-0.1744893396856668,15,10.0,351,22.324295329775904,21,848.0996744576694,20,-1.3479079799577425,20,20.0,199,31.74671504497528,20,1404.0339566181613,19,-2.608953981646405,18,30.0,104,43.71179088686521,15,2329.05442139767,15,-4.434827777145714,15,25.700000000000003,140,38.167012350729536,20,1863.729885229791,15,-3.501768533485963,15,56.61999999999998,28,70.07195912556989,20,5287.332428913492,19,-11.28635611142786,18,2026-08-26T02:10:35-03:00
requested_quantile_q0p9_2026_08_25_12h5808/RS_A801_w15_k07_kmeans,outputs/pytorch/25_08_26/requested_quantile_q0p9_2026_08_25_12h5808/RS_A801_w15_k07_kmeans,15,7,kmeans,QWMSE(.9),MAE,1024,2806,7.220448238609182,89,169.18888353613852,107,-0.3275033843880823,107,0.0,1108,10.54800255034482,84,318.09985800714867,44,-0.2492550650584868,48,10.0,354,22.74089747620168,25,881.1731323329315,23,-1.453217699116622,27,20.0,200,32.32956398364902,23,1462.0421233803434,25,-2.76793405916826,25,30.0,104,44.13819113752016,21,2429.075471825203,25,-4.668226008706415,25,25.6,140,38.436852874542986,23,1937.7444767481163,25,-3.6805479594943264,25,56.58999999999997,29,70.5815938275436,26,5459.934821161392,27,-11.710457187849068,27,2026-08-26T00:31:26-03:00
requested_quantile_pair_2026_08_26_14h0827_q0p85/RS_A801_w15_k01_kmeans,outputs/pytorch/26_08_26/requested_quantile_pair_2026_08_26_14h0827_q0p85/RS_A801_w15_k01_kmeans,15,1,kmeans,QWMSE(.85),R2,128,2806,7.264597305409436,90,164.6222361565483,101,-0.2916721895423637,102,0.0,1108,10.34168953851405,72,314.82555976249887,36,-0.2363961040634496,37,10.0,354,22.97571992775625,29,892.4008101750991,30,-1.4844759581257931,30,20.0,200,32.914129543130564,31,1483.651969449016,33,-2.8236263499124394,33,30.0,104,44.80809705275226,29,2458.7321557167334,29,-4.737429616793425,29,25.6,140,38.93742395353191,27,1957.633599631578,27,-3.728589378084534,27,56.58999999999997,29,70.74790658390735,28,5446.333427083715,26,-11.678793817720669,26,2026-08-26T14:51:30-03:00
requested_quantile_q0p9_2026_08_25_12h5808/RS_A801_w15_k05_kmeans,outputs/pytorch/25_08_26/requested_quantile_q0p9_2026_08_25_12h5808/RS_A801_w15_k05_kmeans,15,5,kmeans,QWMSE(.9),MAE,1024,2806,7.414106139217797,91,158.05222074054416,88,-0.2401220077695498,88,0.0,1108,10.15331561081784,38,299.8153637071269,16,-0.1774474343998717,17,10.0,354,21.95354180425237,18,840.5839602756013,19,-1.3402159839827226,19,20.0,200,31.69437838357687,19,1405.8087972639578,20,-2.623011104250685,20,30.0,104,44.12166771315611,20,2372.630840459053,19,-4.536512963446009,19,25.6,140,38.0328547429187,19,1878.020132839453,20,-3.5362860821579734,20,56.58999999999997,29,68.9942792279967,16,5234.836354973308,17,-11.186439134291875,17,2026-08-26T00:16:44-03:00
requested_quantile_q0p9_2026_08_25_12h5808/RS_A801_w45_k03_kmeans,outputs/pytorch/25_08_26/requested_quantile_q0p9_2026_08_25_12h5808/RS_A801_w45_k03_kmeans,45,3,kmeans,QWMSE(.9),MAE,1024,2776,7.425826481130694,92,162.53101671869365,97,-0.2680877435330719,95,0.0,1097,10.33500766332517,71,313.77882001743865,34,-0.224781862357047,30,10.0,349,22.383483223108986,22,882.5258551007934,26,-1.43071267852272,23,20.0,198,32.399152077990344,26,1476.2385101556167,28,-2.78042902382107,28,30.0,104,44.72782580692034,27,2448.803188043795,28,-4.714260459039316,28,25.65,139,39.16209417641591,33,1969.4021788855805,31,-3.745304963973984,31,56.65,28,71.73664899638722,35,5622.250355639546,34,-12.064616410204454,34,2026-08-26T03:28:54-03:00
requested_quantile_q0p9_2026_08_25_12h5808/RS_A801_w30_k01_kmeans,outputs/pytorch/25_08_26/requested_quantile_q0p9_2026_08_25_12h5808/RS_A801_w30_k01_kmeans,30,1,kmeans,QWMSE(.9),MAE,1024,2791,7.440185180384384,93,174.18935720632186,110,-0.3625485373653145,109,0.0,1100,10.659293956756592,106,322.4614786010976,53,-0.2599906258768787,52,10.0,351,23.010943198034223,30,886.6727829352648,28,-1.4546950852166094,28,20.0,199,32.33416967350035,24,1460.5309676827924,24,-2.754174908869516,23,30.0,104,44.35071899249003,24,2416.500176382776,24,-4.638881668639299,24,25.700000000000003,140,38.21476581488336,21,1918.763697602751,22,-3.6347006105974575,22,56.61999999999998,28,71.2774505513055,30,5497.820888953924,28,-11.775475381338078,28,2026-08-26T01:09:23-03:00
requested_quantile_q0p9_2026_08_25_12h5808/RS_A801_w45_k01_kmeans,outputs/pytorch/25_08_26/requested_quantile_q0p9_2026_08_25_12h5808/RS_A801_w45_k01_kmeans,45,1,kmeans,QWMSE(.9),MAE,1024,2776,7.486197578176986,94,165.2726188918439,102,-0.2894780737211413,101,0.0,1097,10.417923042463409,75,315.2415710708023,37,-0.2304914604720629,35,10.0,349,22.44636514091218,23,884.7352634876587,27,-1.4367979812330578,24,20.0,198,32.15319741205735,21,1473.1226129556928,26,-2.772449670804061,26,30.0,104,44.15518773243977,22,2447.8521880250382,27,-4.712041308953975,27,25.65,139,38.80062572098464,24,1969.2965693635567,30,-3.745050496199716,30,56.65,28,72.12912395000458,36,5650.838226362825,36,-12.131047028081426,36,2026-08-26T03:02:08-03:00
requested_multiquantile_q0p75_q0p9_q0p95_q0p99_2026_08_26_12h5420/RS_A801_w15_k03_kmeans_u1_128,outputs/pytorch/26_08_26/requested_multiquantile_q0p75_q0p9_q0p95_q0p99_2026_08_26_12h5420/RS_A801_w15_k03_kmeans_u1_128,15,3,kmeans,QWMSE(.75/.9/.95/.99),R2,128,2806,7.490641949178391,95,154.24953231849702,80,-0.2102850489544472,80,0.0,1108,10.25881346540648,45,299.748208396084,15,-0.1771836992539606,16,10.0,354,21.910774004755773,17,836.1075207683607,16,-1.327753415362282,16,20.0,200,31.60669033026782,18,1400.891114634427,18,-2.6103373901519773,19,30.0,104,43.85115210163003,16,2352.740504265214,16,-4.490099040847252,16,25.6,140,37.99181333924054,18,1867.2367438488145,17,-3.5102392168760925,17,56.58999999999997,29,70.15778431207094,22,5338.184744779358,20,-11.42702905470113,20,2026-08-26T13:39:01-03:00
requested_quantile_pair_mae_patience_2026_08_26_15h4203_q0p9/RS_A801_w15_k07_kmeans,outputs/pytorch/26_08_26/requested_quantile_pair_mae_patience_2026_08_26_15h4203_q0p9/RS_A801_w15_k07_kmeans,15,7,kmeans,QWMSE(.9),MAE,128,2806,7.635005947291732,96,182.2094150802215,111,-0.4296661230387568,111,0.0,1108,10.898186306820945,110,325.4674604420078,63,-0.2781894214481657,65,10.0,354,22.913767457462345,28,869.7550012300206,21,-1.4214292113783111,21,20.0,200,32.3965485857565,25,1434.6003605411397,21,-2.69721191567325,21,30.0,104,44.431071589391,25,2373.0163315923573,20,-4.537412503576921,20,25.6,140,38.820365578251696,25,1902.0698507996344,21,-3.5943772596458565,21,56.58999999999997,29,67.98028264020157,6,5089.741573564636,6,-10.84866568686399,6,2026-08-26T16:42:23-03:00
requested_multiquantile_q0p75_q0p9_q0p95_q0p99_2026_08_26_12h5420/RS_A801_w15_k03_kmeans_u1_256,outputs/pytorch/26_08_26/requested_multiquantile_q0p75_q0p9_q0p95_q0p99_2026_08_26_12h5420/RS_A801_w15_k03_kmeans_u1_256,15,3,kmeans,QWMSE(.75/.9/.95/.99),R2,256,2806,7.71906111807036,97,154.35927368158912,81,-0.2111461104371361,81,0.0,1108,10.274537815707292,55,290.8668867343316,12,-0.1423046014138458,12,10.0,354,21.359328362028503,15,813.6406174439187,14,-1.2652047482984763,14,20.0,200,31.2763362103286,15,1370.1891627975797,14,-2.53121317877732,14,30.0,104,43.69862521850239,14,2315.8293497793065,14,-4.40396719015132,14,25.6,140,37.61731327630634,15,1830.4345310734368,14,-3.421344874006003,14,56.58999999999997,29,68.69590156749943,12,5136.049977395153,11,-10.956469351853569,11,2026-08-26T13:52:36-03:00
requested_quantile_q0p9_2026_08_25_12h5808/RS_A801_w45_k07_kmeans,outputs/pytorch/25_08_26/requested_quantile_q0p9_2026_08_25_12h5808/RS_A801_w45_k07_kmeans,45,7,kmeans,QWMSE(.9),MAE,1024,2776,7.74388112054134,98,162.30791283990308,95,-0.2663470585860339,94,0.0,1097,10.5762683734909,85,317.076519520733,43,-0.2376538673537969,38,10.0,349,22.159072888495245,20,881.8559818519797,25,-1.4288676681023635,22,20.0,198,32.23273507251282,22,1474.9193273164642,27,-2.7770507911990707,27,30.0,104,45.04140582273786,33,2486.5303705278234,34,-4.8022965038109096,34,25.65,139,39.04010277913629,30,1979.7252858531024,33,-3.770178649634439,33,56.65,28,71.685342878529,33,5626.839254637656,35,-12.075279792544828,35,2026-08-26T04:00:46-03:00
requested_quantile_pair_mae_patience_2026_08_26_15h4203_q0p85/RS_A801_w15_k07_kmeans,outputs/pytorch/26_08_26/requested_quantile_pair_mae_patience_2026_08_26_15h4203_q0p85/RS_A801_w15_k07_kmeans,15,7,kmeans,QWMSE(.85),MAE,128,2806,7.76074664532786,99,163.03167982757728,99,-0.27919223893545575,99,0.0,1108,10.544202930332123,81,307.64964433828953,22,-0.20821454891819902,23,10.0,354,21.95704099645305,19,837.6754057257451,17,-1.3321184634856298,17,20.0,200,31.497932080725665,17,1396.1019236583625,16,-2.597994821147979,16,30.0,104,44.061702364262786,18,2356.1215030851167,17,-4.497988571522057,17,25.6,140,37.97203231165539,17,1864.7492138967584,16,-3.504230683046691,16,56.58999999999997,29,68.87235948563291,15,5189.290888085942,13,-11.080411548627525,14,2026-08-26T17:41:21-03:00
requested_quantile_q0p9_2026_08_25_12h5808/RS_A801_w30_k12_kmeans,outputs/pytorch/25_08_26/requested_quantile_q0p9_2026_08_25_12h5808/RS_A801_w30_k12_kmeans,30,12,kmeans,QWMSE(.9),MAE,1024,2791,8.287468406048696,100,160.3670536213417,91,-0.2544273534147574,91,0.0,1100,10.545830417719754,82,289.0424631742824,11,-0.129408683666313,11,10.0,351,20.666319256256788,12,781.0000365348118,11,-1.1621470604855162,11,20.0,199,30.30506817545723,11,1308.4791224024186,10,-2.363338127568987,10,30.0,104,42.13759600795232,10,2196.057876410345,7,-4.124481522321939,7,25.700000000000003,140,36.49219276717732,10,1744.1932947708815,6,-3.213032453331426,7,56.61999999999998,28,67.60183346739838,5,5036.89898983739,5,-10.70441532066679,5,2026-08-26T02:41:40-03:00
requested_quantile_pair_2026_08_26_14h0827_q0p85/RS_A801_w15_k03_kmeans,outputs/pytorch/26_08_26/requested_quantile_pair_2026_08_26_14h0827_q0p85/RS_A801_w15_k03_kmeans,15,3,kmeans,QWMSE(.85),R2,128,2806,8.299809152769733,101,166.35776308808224,105,-0.3052896201155484,105,0.0,1108,10.272660593078212,52,292.566505687013,13,-0.1489794160415811,13,10.0,354,21.02313748592867,14,797.6691997062092,13,-1.2207397467721584,13,20.0,200,30.60735062592652,13,1342.677775885241,13,-2.460311602068788,13,30.0,104,42.35395696758895,13,2264.4726000200035,13,-4.284126671367613,13,25.6,140,36.4561907304844,8,1786.6190416817278,13,-3.3155102286606217,13,56.58999999999997,29,68.31645587951989,7,5189.580636788787,14,-11.081086069222252,15,2026-08-26T14:57:11-03:00
requested_quantile_pair_2026_08_26_14h0827_q0p9/RS_A801_w15_k05_kmeans,outputs/pytorch/26_08_26/requested_quantile_pair_2026_08_26_14h0827_q0p9/RS_A801_w15_k05_kmeans,15,5,kmeans,QWMSE(.9),R2,128,2806,8.393538568878732,102,157.5198652235727,86,-0.2359449972254361,87,0.0,1108,10.47805721320099,78,284.78257764175413,6,-0.118410048304322,7,10.0,354,20.488753319249785,11,768.6460728884631,8,-1.1399383176540274,9,20.0,200,30.10216436698108,10,1296.8505975293094,6,-2.3422070800433485,7,30.0,104,42.09624893055161,8,2191.701365925855,6,-4.114315643854263,6,25.6,140,36.5075521124425,12,1743.7138741592717,5,-3.211874431109023,6,56.58999999999997,29,67.34395098841854,4,5001.9442315862425,4,-10.644277833716334,4,2026-08-26T14:31:17-03:00
requested_quantile_pair_2026_08_26_14h0827_q0p85/RS_A801_w15_k07_kmeans,outputs/pytorch/26_08_26/requested_quantile_pair_2026_08_26_14h0827_q0p85/RS_A801_w15_k07_kmeans,15,7,kmeans,QWMSE(.85),R2,128,2806,8.45253461921739,103,153.7933242833643,79,-0.2067055128882118,79,0.0,1108,10.300484078392204,66,282.3400844644226,3,-0.1088177869551088,4,10.0,354,20.329793556762294,8,774.6850754201904,10,-1.1567511179451806,10,20.0,200,30.3227242521293,12,1319.3462588971486,11,-2.400182269195506,12,30.0,104,42.30262808497685,12,2244.797265766591,11,-4.238214453884561,11,25.6,140,36.60059983337771,13,1774.31411522831,12,-3.285788147604854,12,56.58999999999997,29,69.12962677467647,17,5199.143039335141,16,-11.103346867594304,16,2026-08-26T15:06:47-03:00
requested_quantile_pair_2026_08_26_14h0827_q0p85/RS_A801_w15_k05_kmeans,outputs/pytorch/26_08_26/requested_quantile_pair_2026_08_26_14h0827_q0p85/RS_A801_w15_k05_kmeans,15,5,kmeans,QWMSE(.85),R2,128,2806,8.459137240658265,104,151.73764385263587,77,-0.190576068258184,77,0.0,1108,10.190570484697597,42,274.6435471014996,2,-0.0785916235601305,2,10.0,354,20.37469432919895,9,760.7306939468386,4,-1.1179016179382768,5,20.0,200,29.99447618933949,6,1288.264806393308,5,-2.320080019318554,5,30.0,104,41.802880499505896,5,2189.0196844069665,5,-4.108057963881474,5,25.6,140,36.16627727299532,6,1730.7224814806725,4,-3.1804942170392856,4,56.58999999999997,29,68.68839280775882,11,5133.439430702898,10,-10.950392128762884,10,2026-08-26T15:01:54-03:00
requested_quantile_q0p9_2026_08_25_12h5808/RS_A801_w30_k03_kmeans,outputs/pytorch/25_08_26/requested_quantile_q0p9_2026_08_25_12h5808/RS_A801_w30_k03_kmeans,30,3,kmeans,QWMSE(.9),MAE,1024,2791,8.475159979678105,105,165.75000666846503,103,-0.2965340292685323,103,0.0,1100,10.36062876937606,73,288.4112073451705,10,-0.1269421055477062,10,10.0,351,20.43333010802581,10,782.5352226378777,12,-1.1663971219000704,12,20.0,199,30.04311225318429,9,1320.3877830876395,12,-2.3939483618823534,11,30.0,104,42.12546633436129,9,2244.8466231054035,12,-4.238329628795683,12,25.700000000000003,140,35.92681988818305,4,1759.2477848687265,11,-3.249396000617569,11,56.61999999999998,28,70.29656891141619,23,5356.662246689311,21,-11.447460192131398,21,2026-08-26T01:21:46-03:00
requested_quantile_q0p9_2026_08_25_12h5808/RS_A801_w30_k09_kmeans,outputs/pytorch/25_08_26/requested_quantile_q0p9_2026_08_25_12h5808/RS_A801_w30_k09_kmeans,30,9,kmeans,QWMSE(.9),MAE,1024,2791,8.53785603357788,106,159.76528217212507,90,-0.2497201610747159,90,0.0,1100,10.394523919473995,74,282.724598096495,4,-0.1047221666655819,3,10.0,351,20.085203719173062,5,767.9274775963818,6,-1.1259565437639585,7,20.0,199,30.01322129958838,8,1302.050290110992,9,-2.346813342120517,8,30.0,104,42.08712539214354,7,2205.945135333751,8,-4.1475533530799815,8,25.700000000000003,140,36.36230760369983,7,1747.572756731812,8,-3.2211954149474824,8,56.61999999999998,28,68.44673217875616,9,5127.658181249574,7,-10.915315573500806,7,2026-08-26T02:24:19-03:00
requested_quantile_q0p9_2026_08_25_12h5808/RS_A801_w15_k09_kmeans,outputs/pytorch/25_08_26/requested_quantile_q0p9_2026_08_25_12h5808/RS_A801_w15_k09_kmeans,15,9,kmeans,QWMSE(.9),MAE,1024,2806,8.555700538023318,107,166.06629855156496,104,-0.3030027076980834,104,0.0,1108,10.616406857558536,99,305.0789820526882,19,-0.1981189364870546,20,10.0,354,20.83748990842852,13,822.1617769400082,15,-1.2889279628697805,15,20.0,200,30.81514223784208,14,1389.3727167915613,15,-2.580652497463088,15,30.0,104,43.85427431727831,17,2387.806506110498,21,-4.571925244267534,21,25.6,140,37.57352143466473,14,1876.1382395551675,19,-3.531740440626056,19,56.58999999999997,29,70.30599457189955,24,5440.679601016129,25,-11.66563199133749,25,2026-08-26T00:38:06-03:00
requested_quantile_pair_2026_08_26_14h0827_q0p9/RS_A801_w15_k07_kmeans,outputs/pytorch/26_08_26/requested_quantile_pair_2026_08_26_14h0827_q0p9/RS_A801_w15_k07_kmeans,15,7,kmeans,QWMSE(.9),R2,128,2806,8.704237617821045,108,160.97395047276635,93,-0.2630467178729991,93,0.0,1108,10.488548799744844,80,285.18595547996057,7,-0.1199942106194793,8,10.0,354,20.101814005900984,6,768.026738004069,7,-1.1382140670563574,8,20.0,200,29.69933916137701,5,1300.848059819518,7,-2.352509228027083,9,30.0,104,41.75538204782774,4,2220.947689588475,10,-4.182561679996954,10,25.6,140,36.08540231238165,5,1755.0746224098707,10,-3.239315885687136,10,56.58999999999997,29,68.80103265725366,14,5188.138563060279,12,-11.07772899317862,12,2026-08-26T14:36:11-03:00
requested_quantile_q0p9_2026_08_25_12h5808/RS_A801_w45_k09_kmeans,outputs/pytorch/25_08_26/requested_quantile_q0p9_2026_08_25_12h5808/RS_A801_w45_k09_kmeans,45,9,kmeans,QWMSE(.9),MAE,1024,2776,9.012716701708367,109,164.0754269619789,100,-0.2801374294332508,100,0.0,1097,10.676103594249884,107,285.82853432717275,8,-0.1156827110528484,6,10.0,349,20.18445055679469,7,770.113259351462,9,-1.121098268775663,6,20.0,198,29.999292859465186,7,1301.5688726219196,8,-2.333125852436463,6,30.0,104,42.15733099235938,11,2208.0903540893573,9,-4.152559201966083,9,25.65,139,36.50442216413484,11,1754.9342262364903,9,-3.2285411199860805,9,56.65,28,68.47133690799986,10,5129.604865782872,8,-10.919839151266014,8,2026-08-26T04:16:01-03:00
requested_quantile_q0p9_2026_08_25_12h5808/RS_A801_w45_k05_kmeans,outputs/pytorch/25_08_26/requested_quantile_q0p9_2026_08_25_12h5808/RS_A801_w45_k05_kmeans,45,5,kmeans,QWMSE(.9),MAE,1024,2776,9.337625445266625,110,162.88484671641382,98,-0.2708483703504125,97,0.0,1097,10.780332234575187,109,284.3936748444429,5,-0.1100819829049739,5,10.0,349,19.708889988329485,3,754.119358310571,3,-1.0770467797292698,3,20.0,198,29.485713384548824,3,1278.749579561855,3,-2.274689009613379,3,30.0,104,41.56956434272802,3,2181.020417893408,3,-4.08939174661954,3,25.65,139,35.8905294852291,3,1728.496697749412,3,-3.164839486815386,3,56.65,28,68.436957017013,8,5198.017623742136,15,-11.07881222855088,13,2026-08-26T03:39:31-03:00
requested_quantile_q0p9_2026_08_25_12h5808/RS_A801_w45_k12_kmeans,outputs/pytorch/25_08_26/requested_quantile_q0p9_2026_08_25_12h5808/RS_A801_w45_k12_kmeans,45,12,kmeans,QWMSE(.9),MAE,1024,2776,9.464131872141223,111,185.1504511707067,113,-0.444567459056493,113,0.0,1097,10.98642699567426,112,294.79623311078325,14,-0.1506865867658016,14,10.0,349,19.834298432044108,4,762.8413672818909,5,-1.101069529506221,4,20.0,198,29.574573860505613,4,1287.774543654126,4,-2.29780061113214,4,30.0,104,41.91621944652154,6,2182.2378709408385,4,-4.0922326624773895,4,25.65,139,36.49126525508414,9,1746.6928486858362,7,-3.208683393504213,5,56.65,28,67.2663648537227,3,4993.620075401116,3,-10.603846619525116,3,2026-08-26T04:34:16-03:00
requested_quantile_q0p9_2026_08_25_12h5808/RS_A801_w15_k12_kmeans,outputs/pytorch/25_08_26/requested_quantile_q0p9_2026_08_25_12h5808/RS_A801_w15_k12_kmeans,15,12,kmeans,QWMSE(.9),MAE,1024,2806,10.055501696286845,112,183.35192735323136,112,-0.4386305944474329,112,0.0,1108,11.092716581888146,113,286.3832638981091,9,-0.1246963303097545,9,10.0,354,18.89363154152692,2,714.803878642173,2,-0.9900397119911756,2,20.0,200,28.73199146962166,2,1219.8726648229756,2,-2.143821705360746,2,30.0,104,40.532820361394144,2,2080.7830614163413,2,-3.85548876681613,2,25.6,140,34.89250924246652,2,1644.2456383759409,2,-2.971612697110188,2,56.58999999999997,29,66.52105059664825,2,4842.518919009702,1,-10.273143621214404,1,2026-08-26T00:46:03-03:00
requested_quantile_q0p9_2026_08_25_12h5808/RS_A801_w15_k03_kmeans,outputs/pytorch/25_08_26/requested_quantile_q0p9_2026_08_25_12h5808/RS_A801_w15_k03_kmeans,15,3,kmeans,QWMSE(.9),MAE,1024,2806,10.375085454083136,113,174.02490989391407,109,-0.3654482021725542,110,0.0,1108,10.957553219526252,111,270.14977950642646,1,-0.0609435115348349,1,10.0,354,17.848127526011172,1,682.9135533043507,1,-0.9012558990505716,1,20.0,200,28.01274765801429,1,1183.8730185506488,1,-2.0510444240920704,1,30.0,104,40.12364012713616,1,2049.1875863258583,1,-3.781761006710454,1,25.6,140,34.53476617659842,1,1612.876371696471,1,-2.895841428550659,1,56.58999999999997,29,66.15386017602066,1,4844.460968098912,2,-10.27766461507489,2,2026-08-26T00:04:25-03:00
